EMG_Raw1,EMG_Raw2,AccelX,AccelY,AccelZ,GyroX,GyroY,GyroZ,AngleX,AngleY,AngleZ
894.34,636.3,0.916,0.083,0.437,-0.061,2.441,-0.61,9.959,-62.93,-113.901
949.55,654.33,0.916,0.083,0.437,-0.061,2.441,-0.61,9.959,-62.93,-113.901
1021.29,661.46,0.916,0.083,0.437,-0.061,2.441,-0.61,9.959,-62.93,-113.901
961.94,660.71,0.916,0.083,0.437,-0.061,2.441,-0.61,9.959,-62.93,-113.901
996.12,648.32,0.916,0.083,0.437,-0.061,2.441,-0.61,9.959,-62.93,-113.901
864.66,638.18,0.916,0.083,0.437,-0.061,2.441,-0.61,9.959,-62.93,-113.901
982.6,646.06,0.916,0.083,0.437,-0.061,2.441,-0.61,9.959,-62.93,-113.901
930.39,644.94,0.916,0.083,0.437,-0.061,2.441,-0.61,9.959,-62.93,-113.901
920.63,641.93,0.916,0.083,0.437,-0.061,2.441,-0.61,9.959,-62.93,-113.901
830.48,640.05,0.916,0.083,0.437,-0.061,2.441,-0.61,9.959,-62.93,-113.901
936.78,638.18,0.916,0.083,0.437,-0.061,2.441,-0.61,9.959,-62.93,-113.901
1014.53,638.18,0.916,0.083,0.437,-0.061,2.441,-0.61,9.959,-62.93,-113.901
1024.67,660.34,0.916,0.083,0.437,-0.061,2.441,-0.61,9.959,-62.93,-113.901
1032.93,645.31,0.921,0.085,0.447,-0.061,2.441,-0.61,9.959,-62.93,-113.901
1031.81,629.16,0.921,0.085,0.447,-0.061,2.441,-0.61,9.959,-62.93,-113.901
981.1,620.15,0.921,0.085,0.447,-0.061,2.441,-0.61,9.959,-62.93,-113.901
890.96,659.96,0.921,0.085,0.447,-0.61,3.906,-1.709,9.959,-62.93,-113.901
1032.56,671.23,0.921,0.085,0.447,-0.61,3.906,-1.709,9.959,-62.93,-113.901
823.72,690.76,0.921,0.085,0.447,-0.61,3.906,-1.709,10.107,-62.77,-113.879
904.85,668.98,0.921,0.085,0.447,-0.61,3.906,-1.709,10.107,-62.77,-113.879
948.8,647.94,0.921,0.085,0.447,-0.61,3.906,-1.709,10.107,-62.77,-113.879
937.91,641.93,0.921,0.085,0.447,-0.61,3.906,-1.709,10.107,-62.77,-113.879
1078.38,646.44,0.921,0.085,0.447,-0.61,3.906,-1.709,10.107,-62.77,-113.879
1042.7,631.42,0.921,0.085,0.447,-0.61,3.906,-1.709,10.107,-62.77,-113.879
1059.22,637.42,0.921,0.085,0.447,-0.61,3.906,-1.709,10.107,-62.77,-113.879
1013.03,636.3,0.921,0.085,0.447,-0.61,3.906,-1.709,10.107,-62.77,-113.879
1019.04,651.7,0.921,0.085,0.447,-0.61,3.906,-1.709,10.107,-62.77,-113.879
896.59,660.34,0.921,0.085,0.447,-0.61,3.906,-1.709,10.107,-62.77,-113.879
746.35,641.93,0.921,0.085,0.447,-0.61,3.906,-1.709,10.107,-62.77,-113.879
872.93,641.93,0.921,0.085,0.447,-0.61,3.906,-1.709,10.107,-62.77,-113.879
854.52,641.93,0.921,0.085,0.447,-0.61,3.906,-1.709,10.107,-62.77,-113.879
930.02,640.43,0.921,0.085,0.447,-0.61,3.906,-1.709,10.107,-62.77,-113.879
966.45,636.3,0.921,0.085,0.447,-0.61,3.906,-1.709,10.107,-62.77,-113.879
996.5,648.32,0.921,0.085,0.447,-0.61,3.906,-1.709,10.107,-62.77,-113.879
962.7,656.58,0.921,0.085,0.447,-0.61,3.906,-1.709,10.107,-62.77,-113.879
976.22,641.56,0.921,0.085,0.447,-0.61,3.906,-1.709,10.107,-62.77,-113.879
919.5,662.97,0.921,0.085,0.447,-0.61,3.906,-1.709,10.107,-62.77,-113.879
924.76,661.46,0.921,0.085,0.447,-0.61,3.906,-1.709,10.107,-62.77,-113.879
911.61,654.33,0.911,0.089,0.444,-0.61,3.906,-1.709,10.107,-62.77,-113.879
966.08,658.08,0.911,0.089,0.444,-0.61,3.906,-1.709,10.107,-62.77,-113.879
964.95,635.17,0.911,0.089,0.444,-0.61,3.906,-1.709,10.107,-62.77,-113.879
995.75,624.28,0.911,0.089,0.444,0.366,-1.16,-0.671,10.107,-62.77,-113.879
1070.87,636.67,0.911,0.089,0.444,0.366,-1.16,-0.671,10.107,-62.77,-113.879
1056.97,673.86,0.911,0.089,0.444,0.366,-1.16,-0.671,10.107,-62.77,-113.879
1021.29,673.48,0.911,0.089,0.444,0.366,-1.16,-0.671,10.107,-62.77,-113.879
978.09,661.46,0.911,0.089,0.444,0.366,-1.16,-0.671,10.107,-62.77,-113.879
870.3,653.58,0.911,0.089,0.444,0.366,-1.16,-0.671,10.432,-62.682,-113.994
995.37,623.15,0.911,0.089,0.444,0.366,-1.16,-0.671,10.432,-62.682,-113.994
1075.0,650.57,0.911,0.089,0.444,0.366,-1.16,-0.671,10.432,-62.682,-113.994
1076.13,659.21,0.911,0.089,0.444,0.366,-1.16,-0.671,10.432,-62.682,-113.994
1019.79,659.96,0.911,0.089,0.444,0.366,-1.16,-0.671,10.432,-62.682,-113.994
963.45,659.21,0.911,0.089,0.444,0.366,-1.16,-0.671,10.432,-62.682,-113.994
908.61,653.58,0.911,0.089,0.444,0.366,-1.16,-0.671,10.432,-62.682,-113.994
996.5,635.92,0.911,0.089,0.444,0.366,-1.16,-0.671,10.432,-62.682,-113.994
848.89,644.94,0.911,0.089,0.444,0.366,-1.16,-0.671,10.432,-62.682,-113.994
904.48,647.94,0.911,0.089,0.444,0.366,-1.16,-0.671,10.432,-62.682,-113.994
996.12,637.05,0.911,0.089,0.444,0.366,-1.16,-0.671,10.432,-62.682,-113.994
876.68,666.35,0.911,0.089,0.444,0.366,-1.16,-0.671,10.432,-62.682,-113.994
942.41,625.41,0.911,0.089,0.444,0.366,-1.16,-0.671,10.432,-62.682,-113.994
820.72,637.05,0.92,0.088,0.456,0.366,-1.16,-0.671,10.432,-62.682,-113.994
1092.28,629.91,0.92,0.088,0.456,0.366,-1.16,-0.671,10.432,-62.682,-113.994
949.55,659.59,0.92,0.088,0.456,1.099,0.366,0.061,10.432,-62.682,-113.994
1010.77,684.0,0.92,0.088,0.456,1.099,0.366,0.061,10.432,-62.682,-113.994
1067.11,673.48,0.92,0.088,0.456,1.099,0.366,0.061,10.432,-62.682,-113.994
994.62,653.2,0.92,0.088,0.456,1.099,0.366,0.061,10.432,-62.682,-113.994
1049.08,653.2,0.92,0.088,0.456,1.099,0.366,0.061,10.432,-62.682,-113.994
1032.56,644.56,0.92,0.088,0.456,1.099,0.366,0.061,10.475,-62.672,-113.763
1095.66,640.43,0.92,0.088,0.456,1.099,0.366,0.061,10.475,-62.672,-113.763
1091.15,647.19,0.92,0.088,0.456,1.099,0.366,0.061,10.475,-62.672,-113.763
1056.6,650.2,0.92,0.088,0.456,1.099,0.366,0.061,10.475,-62.672,-113.763
869.55,648.32,0.92,0.088,0.456,1.099,0.366,0.061,10.475,-62.672,-113.763
946.92,644.56,0.92,0.088,0.456,1.099,0.366,0.061,10.475,-62.672,-113.763
1013.4,648.32,0.92,0.088,0.456,1.099,0.366,0.061,10.475,-62.672,-113.763
1041.57,646.81,0.92,0.088,0.456,1.099,0.366,0.061,10.475,-62.672,-113.763
882.32,629.16,0.92,0.088,0.456,1.099,0.366,0.061,10.475,-62.672,-113.763
918.75,638.18,0.92,0.088,0.456,1.099,0.366,0.061,10.475,-62.672,-113.763
787.29,666.35,0.92,0.088,0.456,1.099,0.366,0.061,10.475,-62.672,-113.763
961.94,677.24,0.92,0.088,0.456,1.099,0.366,0.061,10.475,-62.672,-113.763
1014.15,620.9,0.92,0.088,0.456,1.099,0.366,0.061,10.475,-62.672,-113.763
942.04,638.55,0.92,0.088,0.456,1.099,0.366,0.061,10.475,-62.672,-113.763
875.18,666.35,0.92,0.088,0.456,1.099,0.366,0.061,10.475,-62.672,-113.763
1033.31,661.46,0.92,0.088,0.456,1.099,0.366,0.061,10.475,-62.672,-113.763
976.22,657.71,0.92,0.088,0.456,1.099,0.366,0.061,10.475,-62.672,-113.763
1055.09,646.06,0.92,0.088,0.456,1.099,0.366,0.061,10.475,-62.672,-113.763
955.93,648.32,0.913,0.081,0.448,1.099,0.366,0.061,10.475,-62.672,-113.763
937.91,655.08,0.913,0.081,0.448,1.099,0.366,0.061,10.475,-62.672,-113.763
985.98,646.06,0.913,0.081,0.448,0.977,2.93,-0.732,10.475,-62.672,-113.763
995.0,636.3,0.913,0.081,0.448,0.977,2.93,-0.732,10.475,-62.672,-113.763
991.99,639.68,0.913,0.081,0.448,0.977,2.93,-0.732,10.475,-62.672,-113.763
986.73,655.08,0.913,0.081,0.448,0.977,2.93,-0.732,10.475,-62.672,-113.763
872.93,661.46,0.913,0.081,0.448,0.977,2.93,-0.732,10.475,-62.672,-113.763
820.72,656.2,0.913,0.081,0.448,0.977,2.93,-0.732,10.69,-62.666,-113.698
1014.53,634.42,0.913,0.081,0.448,0.977,2.93,-0.732,10.69,-62.666,-113.698
910.49,646.44,0.913,0.081,0.448,0.977,2.93,-0.732,10.69,-62.666,-113.698
1113.31,648.32,0.913,0.081,0.448,0.977,2.93,-0.732,10.69,-62.666,-113.698
1107.68,647.57,0.913,0.081,0.448,0.977,2.93,-0.732,10.69,-62.666,-113.698
1068.99,646.44,0.913,0.081,0.448,0.977,2.93,-0.732,10.69,-62.666,-113.698
1058.85,650.57,0.913,0.081,0.448,0.977,2.93,-0.732,10.69,-62.666,-113.698
1083.26,647.57,0.913,0.081,0.448,0.977,2.93,-0.732,10.69,-62.666,-113.698
972.84,649.44,0.913,0.081,0.448,0.977,2.93,-0.732,10.69,-62.666,-113.698
954.43,664.09,0.913,0.081,0.448,0.977,2.93,-0.732,10.69,-62.666,-113.698
806.82,653.95,0.913,0.081,0.448,0.977,2.93,-0.732,10.69,-62.666,-113.698
988.24,641.18,0.913,0.081,0.448,0.977,2.93,-0.732,10.69,-62.666,-113.698
1031.05,636.3,0.913,0.081,0.448,0.977,2.93,-0.732,10.69,-62.666,-113.698
1038.19,644.56,0.913,0.081,0.448,0.977,2.93,-0.732,10.69,-62.666,-113.698
965.7,635.55,0.913,0.081,0.448,0.977,2.93,-0.732,10.69,-62.666,-113.698
1019.79,649.07,0.913,0.081,0.448,0.977,2.93,-0.732,10.69,-62.666,-113.698
1053.22,651.7,0.913,0.081,0.448,0.977,2.93,-0.732,10.69,-62.666,-113.698
1032.56,656.2,0.901,0.083,0.442,0.977,2.93,-0.732,10.69,-62.666,-113.698
927.39,635.92,0.901,0.083,0.442,0.977,2.93,-0.732,10.69,-62.666,-113.698
964.57,652.45,0.901,0.083,0.442,0.977,2.93,-0.732,10.69,-62.666,-113.698
972.46,658.46,0.901,0.083,0.442,-1.099,2.747,0.916,10.69,-62.666,-113.698
972.84,659.59,0.901,0.083,0.442,-1.099,2.747,0.916,10.69,-62.666,-113.698
921.38,658.46,0.912,0.089,0.455,-2.258,2.258,0.366,10.629,-62.693,-113.494
986.73,647.57,0.912,0.089,0.455,-2.258,2.258,0.366,10.629,-62.693,-113.494
1011.52,640.81,0.912,0.089,0.455,-2.258,2.258,0.366,10.629,-62.693,-113.494
928.52,665.59,0.912,0.089,0.455,-2.258,2.258,0.366,10.629,-62.693,-113.494
1025.8,648.69,0.912,0.089,0.455,-2.258,2.258,0.366,10.629,-62.693,-113.494
926.26,624.65,0.912,0.089,0.455,-2.258,2.258,0.366,10.195,-62.54,-113.055
984.86,637.42,0.912,0.089,0.455,-2.258,2.258,0.366,10.195,-62.54,-113.055
1067.86,650.95,0.912,0.089,0.455,-2.258,2.258,0.366,10.195,-62.54,-113.055
1043.83,655.08,0.912,0.089,0.455,-2.258,2.258,0.366,10.195,-62.54,-113.055
907.86,654.33,0.912,0.089,0.455,-2.258,2.258,0.366,10.195,-62.54,-113.055
971.71,647.94,0.912,0.089,0.455,-2.258,2.258,0.366,10.195,-62.54,-113.055
866.54,654.7,0.912,0.089,0.455,-2.258,2.258,0.366,10.195,-62.54,-113.055
1026.55,661.46,0.912,0.089,0.455,-2.258,2.258,0.366,10.195,-62.54,-113.055
1281.2,641.93,0.912,0.089,0.455,-2.258,2.258,0.366,10.195,-62.54,-113.055
1183.55,648.69,0.912,0.089,0.455,-2.258,2.258,0.366,10.195,-62.54,-113.055
878.94,628.79,0.912,0.089,0.455,-2.258,2.258,0.366,10.195,-62.54,-113.055
943.92,626.53,0.912,0.089,0.455,-2.258,2.258,0.366,10.195,-62.54,-113.055
1093.4,636.67,0.912,0.089,0.455,-2.258,2.258,0.366,10.195,-62.54,-113.055
1160.26,673.48,0.912,0.089,0.455,-2.258,2.258,0.366,10.195,-62.54,-113.055
1102.79,683.25,0.912,0.089,0.455,-2.258,2.258,0.366,10.195,-62.54,-113.055
1081.01,666.35,0.912,0.089,0.455,-2.258,2.258,0.366,10.195,-62.54,-113.055
1032.93,648.32,0.912,0.089,0.455,-2.258,2.258,0.366,10.195,-62.54,-113.055
1064.11,625.03,0.914,0.085,0.454,-2.258,2.258,0.366,10.195,-62.54,-113.055
971.33,652.45,0.914,0.085,0.454,-2.258,2.258,0.366,10.195,-62.54,-113.055
1071.24,646.81,0.914,0.085,0.454,-2.258,2.258,0.366,10.195,-62.54,-113.055
1087.39,670.48,0.914,0.085,0.454,-1.587,0.793,-1.099,10.195,-62.54,-113.055
992.74,646.81,0.914,0.085,0.454,-1.587,0.793,-1.099,10.195,-62.54,-113.055
881.94,637.05,0.914,0.085,0.454,-1.587,0.793,-1.099,10.195,-62.54,-113.055
991.24,655.08,0.914,0.085,0.454,-1.587,0.793,-1.099,10.195,-62.54,-113.055
1033.68,640.81,0.914,0.085,0.454,-1.587,0.793,-1.099,10.195,-62.54,-113.055
1058.85,635.92,0.914,0.085,0.454,-1.587,0.793,-1.099,10.025,-62.347,-112.901
1166.27,631.04,0.914,0.085,0.454,-1.587,0.793,-1.099,10.025,-62.347,-112.901
1131.34,638.18,0.914,0.085,0.454,-1.587,0.793,-1.099,10.025,-62.347,-112.901
1031.05,647.19,0.914,0.085,0.454,-1.587,0.793,-1.099,10.025,-62.347,-112.901
871.8,672.36,0.914,0.085,0.454,-1.587,0.793,-1.099,10.025,-62.347,-112.901
1011.52,656.2,0.914,0.085,0.454,-1.587,0.793,-1.099,10.025,-62.347,-112.901
960.44,660.71,0.914,0.085,0.454,-1.587,0.793,-1.099,10.025,-62.347,-112.901
972.09,637.42,0.914,0.085,0.454,-1.587,0.793,-1.099,10.025,-62.347,-112.901
859.78,656.2,0.914,0.085,0.454,-1.587,0.793,-1.099,10.025,-62.347,-112.901
1087.39,654.7,0.914,0.085,0.454,-1.587,0.793,-1.099,10.025,-62.347,-112.901
1108.8,650.2,0.914,0.085,0.454,-1.587,0.793,-1.099,10.025,-62.347,-112.901
1067.11,640.05,0.914,0.085,0.454,-1.587,0.793,-1.099,10.025,-62.347,-112.901
1013.03,648.32,0.914,0.085,0.454,-1.587,0.793,-1.099,10.025,-62.347,-112.901
1060.35,659.21,0.914,0.085,0.454,-1.587,0.793,-1.099,10.025,-62.347,-112.901
912.36,652.45,0.914,0.085,0.454,-1.587,0.793,-1.099,10.025,-62.347,-112.901
1141.48,644.56,0.914,0.085,0.454,-1.587,0.793,-1.099,10.025,-62.347,-112.901
1092.28,647.57,0.914,0.085,0.454,-1.587,0.793,-1.099,10.025,-62.347,-112.901
1173.78,648.32,0.896,0.077,0.458,-1.587,0.793,-1.099,10.025,-62.347,-112.901
1226.74,656.58,0.896,0.077,0.458,-1.587,0.793,-1.099,10.025,-62.347,-112.901
1116.32,648.32,0.896,0.077,0.458,-1.587,0.793,-1.099,10.025,-62.347,-112.901
1099.79,646.81,0.896,0.077,0.458,-2.502,0.671,2.502,10.025,-62.347,-112.901
1117.44,650.2,0.896,0.077,0.458,-2.502,0.671,2.502,10.025,-62.347,-112.901
1009.65,638.93,0.896,0.077,0.458,-2.502,0.671,2.502,10.025,-62.347,-112.901
1132.47,641.18,0.896,0.077,0.458,-2.502,0.671,2.502,10.025,-62.347,-112.901
1067.86,632.92,0.896,0.077,0.458,-2.502,0.671,2.502,10.025,-62.347,-112.901
1091.9,625.03,0.896,0.077,0.458,-2.502,0.671,2.502,9.657,-62.314,-112.544
1084.39,660.34,0.896,0.077,0.458,-2.502,0.671,2.502,9.657,-62.314,-112.544
938.28,684.38,0.896,0.077,0.458,-2.502,0.671,2.502,9.657,-62.314,-112.544
853.4,636.3,0.896,0.077,0.458,-2.502,0.671,2.502,9.657,-62.314,-112.544
844.38,632.92,0.896,0.077,0.458,-2.502,0.671,2.502,9.657,-62.314,-112.544
1020.91,655.45,0.896,0.077,0.458,-2.502,0.671,2.502,9.657,-62.314,-112.544
901.1,668.98,0.896,0.077,0.458,-2.502,0.671,2.502,9.657,-62.314,-112.544
1105.05,667.47,0.896,0.077,0.458,-2.502,0.671,2.502,9.657,-62.314,-112.544
1283.08,654.7,0.896,0.077,0.458,-2.502,0.671,2.502,9.657,-62.314,-112.544
1173.78,646.81,0.896,0.077,0.458,-2.502,0.671,2.502,9.657,-62.314,-112.544
1094.91,645.69,0.896,0.077,0.458,-2.502,0.671,2.502,9.657,-62.314,-112.544
1159.51,647.94,0.896,0.077,0.458,-2.502,0.671,2.502,9.657,-62.314,-112.544
1111.81,646.06,0.896,0.077,0.458,-2.502,0.671,2.502,9.657,-62.314,-112.544
1072.75,648.32,0.896,0.077,0.458,-2.502,0.671,2.502,9.657,-62.314,-112.544
960.82,650.95,0.896,0.077,0.458,-2.502,0.671,2.502,9.657,-62.314,-112.544
1014.53,640.43,0.896,0.077,0.458,-2.502,0.671,2.502,9.657,-62.314,-112.544
1040.07,638.93,0.896,0.077,0.458,-2.502,0.671,2.502,9.657,-62.314,-112.544
1020.16,658.08,0.881,0.09,0.467,-2.502,0.671,2.502,9.657,-62.314,-112.544
1015.66,651.7,0.881,0.09,0.467,-2.502,0.671,2.502,9.657,-62.314,-112.544
934.15,641.18,0.881,0.09,0.467,-2.258,0.671,7.874,8.432,-62.358,-111.209
901.47,647.94,0.881,0.09,0.467,-2.258,0.671,7.874,8.432,-62.358,-111.209
816.96,648.69,0.881,0.09,0.467,-2.258,0.671,7.874,8.432,-62.358,-111.209
918.37,649.07,0.881,0.09,0.467,-2.258,0.671,7.874,8.432,-62.358,-111.209
862.79,648.32,0.881,0.09,0.467,-2.258,0.671,7.874,8.432,-62.358,-111.209
970.58,656.2,0.881,0.09,0.467,-2.258,0.671,7.874,8.432,-62.358,-111.209
1019.04,641.18,0.881,0.09,0.467,-2.258,0.671,7.874,8.432,-62.358,-111.209
1076.13,644.56,0.881,0.09,0.467,-2.258,0.671,7.874,8.432,-62.358,-111.209
1116.32,650.95,0.881,0.09,0.467,-2.258,0.671,7.874,8.432,-62.358,-111.209
1115.94,649.44,0.949,0.208,0.521,-2.258,0.671,7.874,8.432,-62.358,-111.209
936.78,640.05,0.949,0.208,0.521,-2.258,0.671,7.874,8.432,-62.358,-111.209
1094.91,647.19,0.949,0.208,0.521,-2.258,0.671,7.874,8.432,-62.358,-111.209
1075.75,634.42,0.949,0.208,0.521,11.23,6.104,3.174,8.432,-62.358,-111.209
1007.02,631.04,0.949,0.208,0.521,11.23,6.104,3.174,8.432,-62.358,-111.209
931.52,662.21,0.949,0.208,0.521,11.23,6.104,3.174,8.432,-62.358,-111.209
948.8,666.35,0.949,0.208,0.521,11.23,6.104,3.174,8.432,-62.358,-111.209
972.84,667.1,0.949,0.208,0.521,11.23,6.104,3.174,8.432,-62.358,-111.209
972.46,653.2,0.949,0.208,0.521,11.23,6.104,3.174,7.531,-61.886,-109.237
1024.29,624.28,0.949,0.208,0.521,11.23,6.104,3.174,7.531,-61.886,-109.237
793.3,640.43,0.949,0.208,0.521,11.23,6.104,3.174,7.531,-61.886,-109.237
767.76,639.68,0.94,0.333,0.515,11.23,6.104,3.174,7.531,-61.886,-109.237
951.43,652.07,0.94,0.333,0.515,11.23,6.104,3.174,7.531,-61.886,-109.237
895.09,655.08,0.94,0.333,0.515,11.23,6.104,3.174,7.531,-61.886,-109.237
944.29,661.46,0.94,0.333,0.515,37.964,4.883,-14.954,7.531,-61.886,-109.237
946.92,647.19,0.94,0.333,0.515,37.964,4.883,-14.954,7.531,-61.886,-109.237
892.83,625.03,0.94,0.333,0.515,37.964,4.883,-14.954,7.531,-61.886,-109.237
878.56,672.36,0.94,0.333,0.515,37.964,4.883,-14.954,7.531,-61.886,-109.237
885.32,668.98,0.94,0.333,0.515,37.964,4.883,-14.954,7.531,-61.886,-109.237
751.98,649.44,0.94,0.333,0.515,37.964,4.883,-14.954,12.464,-61.21,-110.94
952.55,650.95,0.94,0.333,0.515,37.964,4.883,-14.954,12.464,-61.21,-110.94
804.57,665.22,0.94,0.333,0.515,37.964,4.883,-14.954,12.464,-61.21,-110.94
947.67,654.7,0.94,0.333,0.515,37.964,4.883,-14.954,12.464,-61.21,-110.94
1059.22,660.71,0.94,0.333,0.515,37.964,4.883,-14.954,12.464,-61.21,-110.94
1019.79,644.56,0.94,0.333,0.515,37.964,4.883,-14.954,12.464,-61.21,-110.94
1041.2,640.05,0.94,0.333,0.515,37.964,4.883,-14.954,12.464,-61.21,-110.94
1067.11,646.81,0.94,0.333,0.515,37.964,4.883,-14.954,12.464,-61.21,-110.94
1134.72,652.07,0.94,0.333,0.515,37.964,4.883,-14.954,12.464,-61.21,-110.94
1088.9,652.45,0.94,0.333,0.515,37.964,4.883,-14.954,12.464,-61.21,-110.94
998.38,639.3,0.94,0.333,0.515,37.964,4.883,-14.954,12.464,-61.21,-110.94
888.7,639.68,0.94,0.333,0.515,37.964,4.883,-14.954,12.464,-61.21,-110.94
984.86,650.95,0.94,0.333,0.515,37.964,4.883,-14.954,12.464,-61.21,-110.94
1008.89,655.08,0.94,0.333,0.515,37.964,4.883,-14.954,12.464,-61.21,-110.94
1001.76,652.07,0.94,0.333,0.515,37.964,4.883,-14.954,12.464,-61.21,-110.94
790.29,627.66,0.94,0.333,0.515,37.964,4.883,-14.954,12.464,-61.21,-110.94
901.1,644.94,0.94,0.333,0.515,37.964,4.883,-14.954,12.464,-61.21,-110.94
893.21,635.55,0.997,0.301,0.529,37.964,4.883,-14.954,12.464,-61.21,-110.94
924.76,670.85,0.997,0.301,0.529,37.964,4.883,-14.954,12.464,-61.21,-110.94
951.43,682.5,0.997,0.301,0.529,37.964,4.883,-14.954,12.464,-61.21,-110.94
850.39,673.11,0.997,0.301,0.529,56.641,-0.61,-28.625,12.464,-61.21,-110.94
850.77,662.97,0.997,0.301,0.529,56.641,-0.61,-28.625,12.464,-61.21,-110.94
923.26,659.96,0.997,0.301,0.529,56.641,-0.61,-28.625,12.464,-61.21,-110.94
954.81,660.71,0.997,0.301,0.529,56.641,-0.61,-28.625,12.464,-61.21,-110.94
972.84,645.31,0.997,0.301,0.529,56.641,-0.61,-28.625,12.464,-61.21,-110.94
982.6,637.8,0.997,0.301,0.529,56.641,-0.61,-28.625,21.868,-60.617,-115.054
1037.82,648.32,0.997,0.301,0.529,56.641,-0.61,-28.625,21.868,-60.617,-115.054
1025.42,649.07,0.997,0.301,0.529,56.641,-0.61,-28.625,21.868,-60.617,-115.054
913.87,659.21,0.997,0.301,0.529,56.641,-0.61,-28.625,21.868,-60.617,-115.054
912.74,657.71,0.997,0.301,0.529,56.641,-0.61,-28.625,21.868,-60.617,-115.054
892.83,659.21,0.997,0.301,0.529,56.641,-0.61,-28.625,21.868,-60.617,-115.054
1017.53,653.58,0.997,0.301,0.529,56.641,-0.61,-28.625,21.868,-60.617,-115.054
942.41,654.7,0.997,0.301,0.529,56.641,-0.61,-28.625,21.868,-60.617,-115.054
968.7,650.95,0.997,0.301,0.529,56.641,-0.61,-28.625,21.868,-60.617,-115.054
1040.82,654.33,0.997,0.301,0.529,56.641,-0.61,-28.625,21.868,-60.617,-115.054
1044.2,644.94,0.997,0.301,0.529,56.641,-0.61,-28.625,21.868,-60.617,-115.054
1085.52,632.92,0.997,0.301,0.529,56.641,-0.61,-28.625,21.868,-60.617,-115.054
1098.66,624.28,0.997,0.301,0.529,56.641,-0.61,-28.625,21.868,-60.617,-115.054
1038.94,656.2,0.997,0.301,0.529,56.641,-0.61,-28.625,21.868,-60.617,-115.054
925.89,665.97,0.997,0.301,0.529,56.641,-0.61,-28.625,21.868,-60.617,-115.054
848.51,677.61,0.997,0.301,0.529,56.641,-0.61,-28.625,21.868,-60.617,-115.054
961.57,672.36,0.997,0.301,0.529,56.641,-0.61,-28.625,21.868,-60.617,-115.054
798.18,667.47,0.975,0.298,0.484,56.641,-0.61,-28.625,21.868,-60.617,-115.054
858.28,651.32,0.975,0.298,0.484,56.641,-0.61,-28.625,21.868,-60.617,-115.054
1002.51,658.83,0.975,0.298,0.484,56.152,-13.245,-50.11,21.868,-60.617,-115.054
1116.69,650.57,0.975,0.298,0.484,56.152,-13.245,-50.11,21.868,-60.617,-115.054
982.23,659.96,0.975,0.298,0.484,56.152,-13.245,-50.11,21.868,-60.617,-115.054
1021.29,636.3,0.975,0.298,0.484,56.152,-13.245,-50.11,21.868,-60.617,-115.054
1065.61,652.07,0.975,0.298,0.484,56.152,-13.245,-50.11,21.868,-60.617,-115.054
998.75,650.95,0.975,0.298,0.484,56.152,-13.245,-50.11,34.788,-59.106,-123.063
1056.97,654.33,0.975,0.298,0.484,56.152,-13.245,-50.11,34.788,-59.106,-123.063
1026.55,655.45,0.975,0.298,0.484,56.152,-13.245,-50.11,34.788,-59.106,-123.063
1014.9,656.96,0.975,0.298,0.484,56.152,-13.245,-50.11,34.788,-59.106,-123.063
1094.53,653.95,0.975,0.298,0.484,56.152,-13.245,-50.11,34.788,-59.106,-123.063
1108.8,652.07,0.975,0.298,0.484,56.152,-13.245,-50.11,34.788,-59.106,-123.063
992.74,660.34,0.975,0.298,0.484,56.152,-13.245,-50.11,34.788,-59.106,-123.063
1077.25,653.95,0.975,0.298,0.484,56.152,-13.245,-50.11,34.788,-59.106,-123.063
1093.03,644.19,0.975,0.298,0.484,56.152,-13.245,-50.11,34.788,-59.106,-123.063
1007.02,648.69,0.975,0.298,0.484,56.152,-13.245,-50.11,34.788,-59.106,-123.063
1134.72,641.56,0.975,0.298,0.484,56.152,-13.245,-50.11,34.788,-59.106,-123.063
1038.57,655.83,0.975,0.298,0.484,56.152,-13.245,-50.11,34.788,-59.106,-123.063
1202.7,673.48,0.975,0.298,0.484,56.152,-13.245,-50.11,34.788,-59.106,-123.063
1082.14,668.6,0.975,0.298,0.484,56.152,-13.245,-50.11,34.788,-59.106,-123.063
1249.28,657.71,0.975,0.298,0.484,56.152,-13.245,-50.11,34.788,-59.106,-123.063
1122.7,665.59,0.975,0.298,0.484,56.152,-13.245,-50.11,34.788,-59.106,-123.063
1136.97,635.17,0.975,0.298,0.484,56.152,-13.245,-50.11,34.788,-59.106,-123.063
1127.96,650.2,0.908,0.315,0.426,56.152,-13.245,-50.11,34.788,-59.106,-123.063
1179.42,659.96,0.908,0.315,0.426,56.152,-13.245,-50.11,34.788,-59.106,-123.063
1103.92,650.95,0.908,0.315,0.426,56.152,-13.245,-50.11,34.788,-59.106,-123.063
1045.7,659.21,0.908,0.315,0.426,50.781,-13.123,-36.255,34.788,-59.106,-123.063
931.9,665.22,0.908,0.315,0.426,50.781,-13.123,-36.255,34.788,-59.106,-123.063
1011.52,652.07,0.908,0.315,0.426,50.781,-13.123,-36.255,34.788,-59.106,-123.063
906.36,656.96,0.908,0.315,0.426,50.781,-13.123,-36.255,34.788,-59.106,-123.063
1026.55,655.08,0.908,0.315,0.426,50.781,-13.123,-36.255,34.788,-59.106,-123.063
1061.85,652.45,0.908,0.315,0.426,50.781,-13.123,-36.255,45.571,-56.986,-130.062
1122.7,656.96,0.908,0.315,0.426,50.781,-13.123,-36.255,45.571,-56.986,-130.062
1167.4,660.34,0.908,0.315,0.426,50.781,-13.123,-36.255,45.571,-56.986,-130.062
1124.95,660.34,0.908,0.315,0.426,50.781,-13.123,-36.255,45.571,-56.986,-130.062
1038.19,646.44,0.908,0.315,0.426,50.781,-13.123,-36.255,45.571,-56.986,-130.062
1080.63,654.33,0.908,0.315,0.426,50.781,-13.123,-36.255,45.571,-56.986,-130.062
1150.5,655.83,0.908,0.315,0.426,50.781,-13.123,-36.255,45.571,-56.986,-130.062
1107.68,648.32,0.908,0.315,0.426,50.781,-13.123,-36.255,45.571,-56.986,-130.062
1249.65,659.21,0.908,0.315,0.426,50.781,-13.123,-36.255,45.571,-56.986,-130.062
978.85,645.69,0.908,0.315,0.426,50.781,-13.123,-36.255,45.571,-56.986,-130.062
1103.92,636.67,0.908,0.315,0.426,50.781,-13.123,-36.255,45.571,-56.986,-130.062
1158.01,661.84,0.908,0.315,0.426,50.781,-13.123,-36.255,45.571,-56.986,-130.062
1076.13,662.59,0.908,0.315,0.426,50.781,-13.123,-36.255,45.571,-56.986,-130.062
1170.03,667.1,0.908,0.315,0.426,50.781,-13.123,-36.255,45.571,-56.986,-130.062
1213.22,659.21,0.908,0.315,0.426,50.781,-13.123,-36.255,45.571,-56.986,-130.062
1051.71,658.08,0.908,0.315,0.426,50.781,-13.123,-36.255,45.571,-56.986,-130.062
992.74,656.58,0.908,0.315,0.426,50.781,-13.123,-36.255,45.571,-56.986,-130.062
1184.3,662.21,0.855,0.306,0.366,50.781,-13.123,-36.255,45.571,-56.986,-130.062
1097.91,649.44,0.855,0.306,0.366,50.781,-13.123,-36.255,45.571,-56.986,-130.062
1194.44,655.08,0.855,0.306,0.366,42.725,-16.052,-26.611,45.571,-56.986,-130.062
1058.1,651.7,0.855,0.306,0.366,42.725,-16.052,-26.611,45.571,-56.986,-130.062
1086.27,660.34,0.855,0.306,0.366,42.725,-16.052,-26.611,45.571,-56.986,-130.062
1131.34,654.33,0.855,0.306,0.366,42.725,-16.052,-26.611,45.571,-56.986,-130.062
1085.14,653.2,0.855,0.306,0.366,42.725,-16.052,-26.611,45.571,-56.986,-130.062
947.67,653.58,0.855,0.306,0.366,42.725,-16.052,-26.611,45.571,-56.986,-130.062
1117.44,650.2,0.855,0.306,0.366,42.725,-16.052,-26.611,53.767,-55.662,-135.308
1137.73,648.69,0.855,0.306,0.366,42.725,-16.052,-26.611,53.767,-55.662,-135.308
1118.19,651.32,0.855,0.306,0.366,42.725,-16.052,-26.611,53.767,-55.662,-135.308
1068.61,654.33,0.855,0.306,0.366,42.725,-16.052,-26.611,53.767,-55.662,-135.308
1042.7,650.2,0.855,0.306,0.366,42.725,-16.052,-26.611,53.767,-55.662,-135.308
952.55,640.43,0.855,0.306,0.366,42.725,-16.052,-26.611,53.767,-55.662,-135.308
965.7,644.56,0.855,0.306,0.366,42.725,-16.052,-26.611,53.767,-55.662,-135.308
958.94,654.7,0.855,0.306,0.366,42.725,-16.052,-26.611,53.767,-55.662,-135.308
945.42,653.58,0.855,0.306,0.366,42.725,-16.052,-26.611,53.767,-55.662,-135.308
883.82,655.08,0.855,0.306,0.366,42.725,-16.052,-26.611,53.767,-55.662,-135.308
940.53,648.32,0.855,0.306,0.366,42.725,-16.052,-26.611,53.767,-55.662,-135.308
980.72,648.69,0.855,0.306,0.366,42.725,-16.052,-26.611,53.767,-55.662,-135.308
988.24,645.69,0.855,0.306,0.366,42.725,-16.052,-26.611,53.767,-55.662,-135.308
990.49,638.93,0.855,0.306,0.366,42.725,-16.052,-26.611,53.767,-55.662,-135.308
963.07,660.34,0.855,0.306,0.366,42.725,-16.052,-26.611,53.767,-55.662,-135.308
891.33,667.47,0.855,0.306,0.366,42.725,-16.052,-26.611,53.767,-55.662,-135.308
890.58,664.09,0.855,0.306,0.366,42.725,-16.052,-26.611,53.767,-55.662,-135.308
918.0,656.58,0.796,0.251,0.288,42.725,-16.052,-26.611,53.767,-55.662,-135.308
1005.51,658.08,0.796,0.251,0.288,42.725,-16.052,-26.611,53.767,-55.662,-135.308
964.2,664.47,0.796,0.251,0.288,30.701,-1.831,-17.212,53.767,-55.662,-135.308
957.06,654.7,0.796,0.251,0.288,30.701,-1.831,-17.212,53.767,-55.662,-135.308
914.99,651.32,0.796,0.251,0.288,30.701,-1.831,-17.212,53.767,-55.662,-135.308
979.22,647.94,0.796,0.251,0.288,30.701,-1.831,-17.212,53.767,-55.662,-135.308
1063.36,659.59,0.796,0.251,0.288,30.701,-1.831,-17.212,53.767,-55.662,-135.308
1001.01,646.44,0.796,0.251,0.288,30.701,-1.831,-17.212,53.767,-55.662,-135.308
992.74,658.08,0.796,0.251,0.288,30.701,-1.831,-17.212,60.112,-54.992,-140.07
1033.31,648.32,0.796,0.251,0.288,30.701,-1.831,-17.212,60.112,-54.992,-140.07
1100.17,645.69,0.796,0.251,0.288,30.701,-1.831,-17.212,60.112,-54.992,-140.07
847.76,662.21,0.796,0.251,0.288,30.701,-1.831,-17.212,60.112,-54.992,-140.07
1007.77,649.07,0.796,0.251,0.288,30.701,-1.831,-17.212,60.112,-54.992,-140.07
888.7,658.46,0.796,0.251,0.288,30.701,-1.831,-17.212,60.112,-54.992,-140.07
925.51,635.55,0.796,0.251,0.288,30.701,-1.831,-17.212,60.112,-54.992,-140.07
1049.83,636.3,0.796,0.251,0.288,30.701,-1.831,-17.212,60.112,-54.992,-140.07
1081.01,637.42,0.796,0.251,0.288,30.701,-1.831,-17.212,60.112,-54.992,-140.07
907.86,649.44,0.796,0.251,0.288,30.701,-1.831,-17.212,60.112,-54.992,-140.07
942.41,670.1,0.796,0.251,0.288,30.701,-1.831,-17.212,60.112,-54.992,-140.07
966.08,670.48,0.796,0.251,0.288,30.701,-1.831,-17.212,60.112,-54.992,-140.07
916.5,666.35,0.796,0.251,0.288,30.701,-1.831,-17.212,60.112,-54.992,-140.07
1076.13,655.08,0.796,0.251,0.288,30.701,-1.831,-17.212,60.112,-54.992,-140.07
1040.82,638.93,0.796,0.251,0.288,30.701,-1.831,-17.212,60.112,-54.992,-140.07
932.27,660.71,0.796,0.251,0.288,30.701,-1.831,-17.212,60.112,-54.992,-140.07
951.43,649.07,0.721,0.261,0.185,30.701,-1.831,-17.212,60.112,-54.992,-140.07
904.1,648.69,0.721,0.261,0.185,30.701,-1.831,-17.212,60.112,-54.992,-140.07
896.97,636.3,0.721,0.261,0.185,30.701,-1.831,-17.212,60.112,-54.992,-140.07
974.71,635.92,0.721,0.261,0.185,9.521,-17.151,5.493,60.112,-54.992,-140.07
866.92,648.32,0.721,0.261,0.185,9.521,-17.151,5.493,60.112,-54.992,-140.07
877.43,672.36,0.721,0.261,0.185,9.521,-17.151,5.493,60.112,-54.992,-140.07
904.1,666.72,0.721,0.261,0.185,9.521,-17.151,5.493,60.112,-54.992,-140.07
881.57,659.96,0.721,0.261,0.185,9.521,-17.151,5.493,60.112,-54.992,-140.07
913.49,645.69,0.721,0.261,0.185,9.521,-17.151,5.493,63.111,-55.217,-142.663
889.08,624.65,0.721,0.261,0.185,9.521,-17.151,5.493,63.111,-55.217,-142.663
972.84,638.93,0.721,0.261,0.185,9.521,-17.151,5.493,63.111,-55.217,-142.663
1087.02,646.44,0.721,0.261,0.185,9.521,-17.151,5.493,63.111,-55.217,-142.663
1005.51,652.82,0.721,0.261,0.185,9.521,-17.151,5.493,63.111,-55.217,-142.663
997.25,656.96,0.721,0.261,0.185,9.521,-17.151,5.493,63.111,-55.217,-142.663
942.79,646.06,0.721,0.261,0.185,9.521,-17.151,5.493,63.111,-55.217,-142.663
961.19,639.68,0.721,0.261,0.185,9.521,-17.151,5.493,63.111,-55.217,-142.663
884.95,666.35,0.721,0.261,0.185,9.521,-17.151,5.493,63.111,-55.217,-142.663
935.28,649.44,0.721,0.261,0.185,9.521,-17.151,5.493,63.111,-55.217,-142.663
901.47,649.44,0.721,0.261,0.185,9.521,-17.151,5.493,63.111,-55.217,-142.663
816.59,647.57,0.721,0.261,0.185,9.521,-17.151,5.493,63.111,-55.217,-142.663
756.11,659.96,0.721,0.261,0.185,9.521,-17.151,5.493,63.111,-55.217,-142.663
893.58,647.19,0.721,0.261,0.185,9.521,-17.151,5.493,63.111,-55.217,-142.663
780.9,648.32,0.721,0.261,0.185,9.521,-17.151,5.493,63.111,-55.217,-142.663
960.07,656.58,0.721,0.261,0.185,9.521,-17.151,5.493,63.111,-55.217,-142.663
848.51,653.2,0.721,0.261,0.185,9.521,-17.151,5.493,63.111,-55.217,-142.663
952.55,640.43,0.799,0.288,0.226,9.521,-17.151,5.493,63.111,-55.217,-142.663
896.59,640.43,0.799,0.288,0.226,9.521,-17.151,5.493,63.111,-55.217,-142.663
884.95,641.18,0.799,0.288,0.226,-17.761,3.723,24.597,63.111,-55.217,-142.663
1026.17,650.95,0.799,0.288,0.226,-17.761,3.723,24.597,63.111,-55.217,-142.663
1007.02,648.32,0.799,0.288,0.226,-17.761,3.723,24.597,63.111,-55.217,-142.663
1032.93,637.05,0.799,0.288,0.226,-17.761,3.723,24.597,63.111,-55.217,-142.663
987.11,619.77,0.799,0.288,0.226,-17.761,3.723,24.597,63.111,-55.217,-142.663
1069.37,636.67,0.799,0.288,0.226,-17.761,3.723,24.597,63.111,-55.217,-142.663
1076.88,670.85,0.799,0.288,0.226,-17.761,3.723,24.597,61.644,-57.244,-142.081
1034.81,662.59,0.799,0.288,0.226,-17.761,3.723,24.597,61.644,-57.244,-142.081
961.94,657.71,0.799,0.288,0.226,-17.761,3.723,24.597,61.644,-57.244,-142.081
934.53,652.82,0.799,0.288,0.226,-17.761,3.723,24.597,61.644,-57.244,-142.081
911.24,646.44,0.799,0.288,0.226,-17.761,3.723,24.597,61.644,-57.244,-142.081
978.47,648.32,0.799,0.288,0.226,-17.761,3.723,24.597,61.644,-57.244,-142.081
945.42,665.59,0.924,0.285,0.275,-37.964,8.545,28.442,61.644,-57.244,-142.081
888.7,656.2,0.924,0.285,0.275,-37.964,8.545,28.442,61.644,-57.244,-142.081
969.08,632.92,0.924,0.285,0.275,-37.964,8.545,28.442,61.644,-57.244,-142.081
966.08,647.19,0.924,0.285,0.275,-37.964,8.545,28.442,53.998,-59.266,-136.626
1108.8,635.92,0.924,0.285,0.275,-37.964,8.545,28.442,53.998,-59.266,-136.626
1016.78,644.94,0.924,0.285,0.275,-37.964,8.545,28.442,53.998,-59.266,-136.626
888.7,647.94,0.924,0.285,0.275,-37.964,8.545,28.442,53.998,-59.266,-136.626
940.53,617.14,0.924,0.285,0.275,-37.964,8.545,28.442,53.998,-59.266,-136.626
942.79,633.67,0.924,0.285,0.275,-37.964,8.545,28.442,53.998,-59.266,-136.626
850.02,648.32,0.924,0.285,0.275,-37.964,8.545,28.442,53.998,-59.266,-136.626
834.24,672.36,0.924,0.285,0.275,-37.964,8.545,28.442,53.998,-59.266,-136.626
998.75,671.23,0.924,0.285,0.275,-37.964,8.545,28.442,53.998,-59.266,-136.626
875.93,654.7,0.924,0.285,0.275,-37.964,8.545,28.442,53.998,-59.266,-136.626
1069.37,647.19,0.924,0.285,0.275,-37.964,8.545,28.442,53.998,-59.266,-136.626
1225.24,638.93,0.924,0.285,0.275,-37.964,8.545,28.442,53.998,-59.266,-136.626
1345.81,640.43,0.924,0.285,0.275,-37.964,8.545,28.442,53.998,-59.266,-136.626
1257.17,653.58,0.924,0.285,0.275,-37.964,8.545,28.442,53.998,-59.266,-136.626
1164.02,665.59,0.924,0.285,0.275,-37.964,8.545,28.442,53.998,-59.266,-136.626
1123.45,660.71,0.924,0.285,0.275,-37.964,8.545,28.442,53.998,-59.266,-136.626
1090.78,613.39,0.924,0.285,0.275,-37.964,8.545,28.442,53.998,-59.266,-136.626
1023.54,616.77,0.935,0.275,0.369,-37.964,8.545,28.442,53.998,-59.266,-136.626
1106.17,654.7,0.935,0.275,0.369,-37.964,8.545,28.442,53.998,-59.266,-136.626
1198.57,640.05,0.935,0.275,0.369,-48.706,24.048,42.053,53.998,-59.266,-136.626
1008.89,666.72,0.935,0.275,0.369,-48.706,24.048,42.053,53.998,-59.266,-136.626
960.82,652.82,0.935,0.275,0.369,-48.706,24.048,42.053,53.998,-59.266,-136.626
1013.03,629.91,0.935,0.275,0.369,-48.706,24.048,42.053,53.998,-59.266,-136.626
1052.46,616.02,0.935,0.275,0.369,-48.706,24.048,42.053,53.998,-59.266,-136.626
1026.55,641.93,0.935,0.275,0.369,-48.706,24.048,42.053,53.998,-59.266,-136.626
1043.07,668.98,0.935,0.275,0.369,-48.706,24.048,42.053,44.632,-61.76,-131.281
961.19,671.6,0.935,0.275,0.369,-48.706,24.048,42.053,44.632,-61.76,-131.281
908.23,650.95,0.935,0.275,0.369,-48.706,24.048,42.053,44.632,-61.76,-131.281
866.92,647.94,0.935,0.275,0.369,-48.706,24.048,42.053,44.632,-61.76,-131.281
949.17,663.72,0.935,0.275,0.369,-48.706,24.048,42.053,44.632,-61.76,-131.281
997.25,655.83,0.935,0.275,0.369,-48.706,24.048,42.053,44.632,-61.76,-131.281
935.65,635.17,0.935,0.275,0.369,-48.706,24.048,42.053,44.632,-61.76,-131.281
1020.54,660.34,0.935,0.275,0.369,-48.706,24.048,42.053,44.632,-61.76,-131.281
1007.77,667.47,0.935,0.275,0.369,-48.706,24.048,42.053,44.632,-61.76,-131.281
919.13,639.68,0.935,0.275,0.369,-48.706,24.048,42.053,44.632,-61.76,-131.281
1010.02,634.42,0.935,0.275,0.369,-48.706,24.048,42.053,44.632,-61.76,-131.281
1032.93,649.44,0.935,0.275,0.369,-48.706,24.048,42.053,44.632,-61.76,-131.281
973.59,672.36,0.935,0.275,0.369,-48.706,24.048,42.053,44.632,-61.76,-131.281
1108.43,665.59,0.935,0.275,0.369,-48.706,24.048,42.053,44.632,-61.76,-131.281
970.58,656.2,0.935,0.275,0.369,-48.706,24.048,42.053,44.632,-61.76,-131.281
1000.26,647.19,0.935,0.275,0.369,-48.706,24.048,42.053,44.632,-61.76,-131.281
1110.68,624.28,0.935,0.275,0.369,-48.706,24.048,42.053,44.632,-61.76,-131.281
1056.6,649.44,1.012,0.225,0.497,-48.706,24.048,42.053,44.632,-61.76,-131.281
1120.45,665.59,1.012,0.225,0.497,-48.706,24.048,42.053,44.632,-61.76,-131.281
1112.18,669.73,1.012,0.225,0.497,-51.514,-7.446,52.856,44.632,-61.76,-131.281
1076.88,648.32,1.012,0.225,0.497,-51.514,-7.446,52.856,44.632,-61.76,-131.281
878.94,653.2,1.012,0.225,0.497,-51.514,-7.446,52.856,44.632,-61.76,-131.281
1020.16,667.1,1.012,0.225,0.497,-51.514,-7.446,52.856,44.632,-61.76,-131.281
1058.85,671.23,1.012,0.225,0.497,-51.514,-7.446,52.856,44.632,-61.76,-131.281
918.37,662.97,1.012,0.225,0.497,-51.514,-7.446,52.856,44.632,-61.76,-131.281
952.55,661.09,1.012,0.225,0.497,-51.514,-7.446,52.856,29.767,-64.012,-119.454
979.97,639.3,1.012,0.225,0.497,-51.514,-7.446,52.856,29.767,-64.012,-119.454
1087.02,611.51,1.012,0.225,0.497,-51.514,-7.446,52.856,29.767,-64.012,-119.454
1059.6,636.3,1.012,0.225,0.497,-51.514,-7.446,52.856,29.767,-64.012,-119.454
1032.93,653.58,1.012,0.225,0.497,-51.514,-7.446,52.856,29.767,-64.012,-119.454
1055.47,656.2,1.012,0.225,0.497,-51.514,-7.446,52.856,29.767,-64.012,-119.454
1040.82,648.32,1.012,0.225,0.497,-51.514,-7.446,52.856,29.767,-64.012,-119.454
1105.05,676.11,1.012,0.225,0.497,-51.514,-7.446,52.856,29.767,-64.012,-119.454
1040.82,647.57,1.012,0.225,0.497,-51.514,-7.446,52.856,29.767,-64.012,-119.454
849.26,629.91,1.012,0.225,0.497,-51.514,-7.446,52.856,29.767,-64.012,-119.454
906.73,653.58,1.012,0.225,0.497,-51.514,-7.446,52.856,29.767,-64.012,-119.454
1008.52,654.7,1.012,0.225,0.497,-51.514,-7.446,52.856,29.767,-64.012,-119.454
1043.07,648.32,1.012,0.225,0.497,-51.514,-7.446,52.856,29.767,-64.012,-119.454
978.09,638.18,1.012,0.225,0.497,-51.514,-7.446,52.856,29.767,-64.012,-119.454
941.66,659.96,1.012,0.225,0.497,-51.514,-7.446,52.856,29.767,-64.012,-119.454
942.41,655.83,1.012,0.225,0.497,-51.514,-7.446,52.856,29.767,-64.012,-119.454
900.35,656.2,1.012,0.225,0.497,-51.514,-7.446,52.856,29.767,-64.012,-119.454
834.24,665.59,0.932,0.054,0.514,-51.514,-7.446,52.856,29.767,-64.012,-119.454
871.8,656.96,0.932,0.054,0.514,-51.514,-7.446,52.856,29.767,-64.012,-119.454
895.09,655.08,0.932,0.054,0.514,-53.833,13.184,59.021,29.767,-64.012,-119.454
787.67,636.3,0.932,0.054,0.514,-53.833,13.184,59.021,13.749,-66.412,-107.238
900.35,632.17,0.932,0.054,0.514,-53.833,13.184,59.021,13.749,-66.412,-107.238
804.94,634.04,0.932,0.054,0.514,-53.833,13.184,59.021,13.749,-66.412,-107.238
933.02,625.41,0.932,0.054,0.514,-53.833,13.184,59.021,13.749,-66.412,-107.238
930.02,671.6,0.932,0.054,0.514,-53.833,13.184,59.021,13.749,-66.412,-107.238
949.17,637.05,0.932,0.054,0.514,-53.833,13.184,59.021,13.749,-66.412,-107.238
920.63,672.73,0.932,0.054,0.514,-53.833,13.184,59.021,13.749,-66.412,-107.238
943.54,680.99,0.932,0.054,0.514,-53.833,13.184,59.021,13.749,-66.412,-107.238
962.7,664.84,0.932,0.054,0.514,-53.833,13.184,59.021,13.749,-66.412,-107.238
812.83,647.19,0.932,0.054,0.514,-53.833,13.184,59.021,13.749,-66.412,-107.238
972.84,605.12,0.932,0.054,0.514,-53.833,13.184,59.021,13.749,-66.412,-107.238
820.72,636.3,0.989,0.032,0.486,-53.833,13.184,59.021,13.749,-66.412,-107.238
901.85,665.22,0.989,0.032,0.486,-53.833,13.184,59.021,13.749,-66.412,-107.238
918.37,660.34,0.989,0.032,0.486,-71.655,15.198,44.495,13.749,-66.412,-107.238
1065.61,648.32,0.989,0.032,0.486,-71.655,15.198,44.495,13.749,-66.412,-107.238
932.65,644.56,0.989,0.032,0.486,-71.655,15.198,44.495,13.749,-66.412,-107.238
993.49,631.79,0.989,0.032,0.486,-71.655,15.198,44.495,13.749,-66.412,-107.238
1015.66,608.13,0.989,0.032,0.486,-71.655,15.198,44.495,13.749,-66.412,-107.238
954.06,596.86,0.989,0.032,0.486,-71.655,15.198,44.495,-3.422,-65.078,-94.708
1147.12,671.23,0.989,0.032,0.486,-71.655,15.198,44.495,-3.422,-65.078,-94.708
1071.24,662.21,0.989,0.032,0.486,-71.655,15.198,44.495,-3.422,-65.078,-94.708
1084.39,656.96,0.989,0.032,0.486,-71.655,15.198,44.495,-3.422,-65.078,-94.708
961.94,660.71,0.989,0.032,0.486,-71.655,15.198,44.495,-3.422,-65.078,-94.708
1008.52,645.69,0.989,0.032,0.486,-71.655,15.198,44.495,-3.422,-65.078,-94.708
1056.22,629.54,0.989,0.032,0.486,-71.655,15.198,44.495,-3.422,-65.078,-94.708
1032.18,647.94,0.989,0.032,0.486,-71.655,15.198,44.495,-3.422,-65.078,-94.708
987.48,668.6,0.989,0.032,0.486,-71.655,15.198,44.495,-3.422,-65.078,-94.708
1014.15,670.48,0.989,0.032,0.486,-71.655,15.198,44.495,-3.422,-65.078,-94.708
900.35,638.18,0.989,0.032,0.486,-71.655,15.198,44.495,-3.422,-65.078,-94.708
852.64,592.35,0.989,0.032,0.486,-71.655,15.198,44.495,-3.422,-65.078,-94.708
996.5,584.09,0.989,0.032,0.486,-71.655,15.198,44.495,-3.422,-65.078,-94.708
972.46,640.05,0.989,0.032,0.486,-71.655,15.198,44.495,-3.422,-65.078,-94.708
924.76,685.5,0.989,0.032,0.486,-71.655,15.198,44.495,-3.422,-65.078,-94.708
810.58,664.47,0.989,0.032,0.486,-71.655,15.198,44.495,-3.422,-65.078,-94.708
971.71,655.08,0.989,0.032,0.486,-71.655,15.198,44.495,-3.422,-65.078,-94.708
964.2,615.64,1.05,0.036,0.509,-68.787,8.118,35.156,-3.422,-65.078,-94.708
888.7,639.68,1.05,0.036,0.509,-68.787,8.118,35.156,-3.422,-65.078,-94.708
902.97,611.88,1.05,0.036,0.509,-68.787,8.118,35.156,-3.422,-65.078,-94.708
930.39,628.03,1.05,0.036,0.509,-68.787,8.118,35.156,-3.422,-65.078,-94.708
996.88,638.93,1.05,0.036,0.509,-68.787,8.118,35.156,-16.485,-62.836,-87.017
973.96,623.53,1.05,0.036,0.509,-68.787,8.118,35.156,-16.485,-62.836,-87.017
933.02,616.02,1.05,0.036,0.509,-68.787,8.118,35.156,-16.485,-62.836,-87.017
949.92,629.16,1.05,0.036,0.509,-68.787,8.118,35.156,-16.485,-62.836,-87.017
990.11,677.99,1.05,0.036,0.509,-68.787,8.118,35.156,-16.485,-62.836,-87.017
1012.27,641.93,1.05,0.036,0.509,-68.787,8.118,35.156,-16.485,-62.836,-87.017
1099.04,625.41,1.05,0.036,0.509,-68.787,8.118,35.156,-16.485,-62.836,-87.017
1323.27,650.2,1.05,0.036,0.509,-68.787,8.118,35.156,-16.485,-62.836,-87.017
1014.9,631.04,1.05,0.036,0.509,-68.787,8.118,35.156,-16.485,-62.836,-87.017
754.24,653.95,1.05,0.036,0.509,-68.787,8.118,35.156,-16.485,-62.836,-87.017
502.96,666.72,1.05,0.036,0.509,-68.787,8.118,35.156,-16.485,-62.836,-87.017
508.59,659.59,1.05,0.036,0.509,-68.787,8.118,35.156,-16.485,-62.836,-87.017
-48.05,690.38,1.05,0.036,0.509,-68.787,8.118,35.156,-16.485,-62.836,-87.017
61.25,677.99,1.05,0.036,0.509,-68.787,8.118,35.156,-16.485,-62.836,-87.017
45.48,684.0,1.05,0.036,0.509,-68.787,8.118,35.156,-16.485,-62.836,-87.017
467.65,691.14,1.05,0.036,0.509,-68.787,8.118,35.156,-16.485,-62.836,-87.017
708.41,708.41,1.05,0.036,0.509,-68.787,8.118,35.156,-16.485,-62.836,-87.017
864.29,679.49,0.981,-0.009,0.445,-68.787,8.118,35.156,-16.485,-62.836,-87.017
955.18,641.93,0.981,-0.009,0.445,-68.787,8.118,35.156,-16.485,-62.836,-87.017
834.24,697.15,0.981,-0.009,0.445,-53.772,-11.658,27.649,-16.485,-62.836,-87.017
876.68,714.8,0.981,-0.009,0.445,-53.772,-11.658,27.649,-16.485,-62.836,-87.017
847.76,720.43,0.981,-0.009,0.445,-53.772,-11.658,27.649,-16.485,-62.836,-87.017
899.22,670.48,0.981,-0.009,0.445,-53.772,-11.658,27.649,-16.485,-62.836,-87.017
993.49,658.46,0.981,-0.009,0.445,-53.772,-11.658,27.649,-16.485,-62.836,-87.017
1153.88,679.49,0.981,-0.009,0.445,-53.772,-11.658,27.649,-26.664,-62.325,-80.684
1091.15,709.16,0.981,-0.009,0.445,-53.772,-11.658,27.649,-26.664,-62.325,-80.684
1127.96,701.28,0.981,-0.009,0.445,-53.772,-11.658,27.649,-26.664,-62.325,-80.684
1146.74,730.2,0.981,-0.009,0.445,-53.772,-11.658,27.649,-26.664,-62.325,-80.684
1132.47,672.36,0.981,-0.009,0.445,-53.772,-11.658,27.649,-26.664,-62.325,-80.684
1003.26,660.71,0.981,-0.009,0.445,-53.772,-11.658,27.649,-26.664,-62.325,-80.684
1073.12,698.65,0.981,-0.009,0.445,-53.772,-11.658,27.649,-26.664,-62.325,-80.684
1214.35,706.54,0.981,-0.009,0.445,-53.772,-11.658,27.649,-26.664,-62.325,-80.684
1039.69,682.5,0.981,-0.009,0.445,-53.772,-11.658,27.649,-26.664,-62.325,-80.684
1049.83,672.36,0.981,-0.009,0.445,-53.772,-11.658,27.649,-26.664,-62.325,-80.684
1026.55,682.12,0.981,-0.009,0.445,-53.772,-11.658,27.649,-26.664,-62.325,-80.684
1190.69,662.21,0.981,-0.009,0.445,-53.772,-11.658,27.649,-26.664,-62.325,-80.684
1198.95,664.09,0.981,-0.009,0.445,-53.772,-11.658,27.649,-26.664,-62.325,-80.684
1132.84,674.98,0.981,-0.009,0.445,-53.772,-11.658,27.649,-26.664,-62.325,-80.684
1023.54,661.46,0.981,-0.009,0.445,-53.772,-11.658,27.649,-26.664,-62.325,-80.684
1058.47,638.93,0.981,-0.009,0.445,-53.772,-11.658,27.649,-26.664,-62.325,-80.684
1199.32,644.94,0.981,-0.009,0.445,-53.772,-11.658,27.649,-26.664,-62.325,-80.684
1092.28,689.63,0.888,0.015,0.348,-53.772,-11.658,27.649,-26.664,-62.325,-80.684
934.15,751.61,0.888,0.015,0.348,-53.772,-11.658,27.649,-26.664,-62.325,-80.684
935.65,708.41,0.888,0.015,0.348,-53.772,-11.658,27.649,-26.664,-62.325,-80.684
863.54,680.24,0.888,0.015,0.348,-28.748,-12.817,10.193,-26.664,-62.325,-80.684
887.95,653.95,0.888,0.015,0.348,-28.748,-12.817,10.193,-26.664,-62.325,-80.684
901.47,644.56,0.888,0.015,0.348,-28.748,-12.817,10.193,-26.664,-62.325,-80.684
927.39,666.35,0.888,0.015,0.348,-28.748,-12.817,10.193,-26.664,-62.325,-80.684
949.55,718.55,0.888,0.015,0.348,-28.748,-12.817,10.193,-26.664,-62.325,-80.684
990.87,648.32,0.888,0.015,0.348,-28.748,-12.817,10.193,-33.602,-62.941,-75.344
1019.04,631.42,0.888,0.015,0.348,-28.748,-12.817,10.193,-33.602,-62.941,-75.344
1089.27,691.14,0.888,0.015,0.348,-28.748,-12.817,10.193,-33.602,-62.941,-75.344
1026.55,725.32,0.888,0.015,0.348,-28.748,-12.817,10.193,-33.602,-62.941,-75.344
997.63,699.02,0.888,0.015,0.348,-28.748,-12.817,10.193,-33.602,-62.941,-75.344
977.72,677.61,0.888,0.015,0.348,-28.748,-12.817,10.193,-33.602,-62.941,-75.344
890.96,660.34,0.888,0.015,0.348,-28.748,-12.817,10.193,-33.602,-62.941,-75.344
1047.58,674.23,0.888,0.015,0.348,-28.748,-12.817,10.193,-33.602,-62.941,-75.344
1182.8,660.34,0.888,0.015,0.348,-28.748,-12.817,10.193,-33.602,-62.941,-75.344
1108.43,662.59,0.888,0.015,0.348,-28.748,-12.817,10.193,-33.602,-62.941,-75.344
910.86,676.49,0.888,0.015,0.348,-28.748,-12.817,10.193,-33.602,-62.941,-75.344
832.36,685.13,0.888,0.015,0.348,-28.748,-12.817,10.193,-33.602,-62.941,-75.344
834.24,678.74,0.888,0.015,0.348,-28.748,-12.817,10.193,-33.602,-62.941,-75.344
1025.8,674.23,0.888,0.015,0.348,-28.748,-12.817,10.193,-33.602,-62.941,-75.344
1093.78,668.98,0.888,0.015,0.348,-28.748,-12.817,10.193,-33.602,-62.941,-75.344
1103.17,666.35,0.888,0.015,0.348,-28.748,-12.817,10.193,-33.602,-62.941,-75.344
1136.22,684.38,0.888,0.015,0.348,-28.748,-12.817,10.193,-33.602,-62.941,-75.344
1081.39,686.25,0.885,0.138,0.391,-28.748,-12.817,10.193,-33.602,-62.941,-75.344
1016.03,662.21,0.885,0.138,0.391,-28.748,-12.817,10.193,-33.602,-62.941,-75.344
946.54,666.72,0.885,0.138,0.391,3.174,-1.709,-13.672,-33.602,-62.941,-75.344
971.71,666.35,0.885,0.138,0.391,3.174,-1.709,-13.672,-33.602,-62.941,-75.344
1015.28,696.02,0.885,0.138,0.391,3.174,-1.709,-13.672,-33.602,-62.941,-75.344
952.93,701.28,0.885,0.138,0.391,3.174,-1.709,-13.672,-33.602,-62.941,-75.344
911.24,690.38,0.885,0.138,0.391,3.174,-1.709,-13.672,-33.602,-62.941,-75.344
977.72,676.11,0.885,0.138,0.391,3.174,-1.709,-13.672,-33.602,-62.941,-75.344
962.7,677.99,0.885,0.138,0.391,3.174,-1.709,-13.672,-34.091,-63.743,-73.954
1068.61,666.35,0.885,0.138,0.391,3.174,-1.709,-13.672,-34.091,-63.743,-73.954
1123.08,641.93,0.885,0.138,0.391,3.174,-1.709,-13.672,-34.091,-63.743,-73.954
1082.14,637.8,0.885,0.138,0.391,3.174,-1.709,-13.672,-34.091,-63.743,-73.954
1026.55,680.62,0.885,0.138,0.391,3.174,-1.709,-13.672,-34.091,-63.743,-73.954
1011.52,693.01,0.885,0.138,0.391,3.174,-1.709,-13.672,-34.091,-63.743,-73.954
927.39,682.87,0.885,0.138,0.391,3.174,-1.709,-13.672,-34.091,-63.743,-73.954
902.22,655.08,0.885,0.138,0.391,3.174,-1.709,-13.672,-34.091,-63.743,-73.954
936.78,671.23,0.885,0.138,0.391,3.174,-1.709,-13.672,-34.091,-63.743,-73.954
610.38,685.5,0.885,0.138,0.391,3.174,-1.709,-13.672,-34.091,-63.743,-73.954
949.55,685.5,0.885,0.138,0.391,3.174,-1.709,-13.672,-34.091,-63.743,-73.954
804.94,710.67,0.885,0.138,0.391,3.174,-1.709,-13.672,-34.091,-63.743,-73.954
1140.73,670.85,0.885,0.138,0.391,3.174,-1.709,-13.672,-34.091,-63.743,-73.954
986.36,679.87,0.885,0.138,0.391,3.174,-1.709,-13.672,-34.091,-63.743,-73.954
805.32,690.76,0.885,0.138,0.391,3.174,-1.709,-13.672,-34.091,-63.743,-73.954
986.73,691.89,0.885,0.138,0.391,3.174,-1.709,-13.672,-34.091,-63.743,-73.954
1105.42,705.03,0.885,0.138,0.391,3.174,-1.709,-13.672,-34.091,-63.743,-73.954
1129.09,691.51,0.973,0.1,0.473,3.174,-1.709,-13.672,-34.091,-63.743,-73.954
883.07,670.48,0.973,0.1,0.473,3.174,-1.709,-13.672,-34.091,-63.743,-73.954
1235.01,679.87,0.973,0.1,0.473,48.34,2.38,-47.729,-34.091,-63.743,-73.954
1113.69,698.27,0.973,0.1,0.473,48.34,2.38,-47.729,-34.091,-63.743,-73.954
1076.13,700.15,0.973,0.1,0.473,48.34,2.38,-47.729,-34.091,-63.743,-73.954
1111.43,700.53,0.973,0.1,0.473,48.34,2.38,-47.729,-34.091,-63.743,-73.954
1060.35,686.25,0.973,0.1,0.473,48.34,2.38,-47.729,-34.091,-63.743,-73.954
924.38,696.39,0.973,0.1,0.473,48.34,2.38,-47.729,-34.091,-63.743,-73.954
1097.54,684.75,0.973,0.1,0.473,48.34,2.38,-47.729,-22.703,-64.556,-80.903
1081.01,664.09,0.973,0.1,0.473,48.34,2.38,-47.729,-22.703,-64.556,-80.903
1050.21,658.46,0.973,0.1,0.473,48.34,2.38,-47.729,-22.703,-64.556,-80.903
1040.82,662.97,0.973,0.1,0.473,48.34,2.38,-47.729,-22.703,-64.556,-80.903
1045.33,680.99,0.973,0.1,0.473,48.34,2.38,-47.729,-22.703,-64.556,-80.903
1004.01,707.29,0.973,0.1,0.473,48.34,2.38,-47.729,-22.703,-64.556,-80.903
874.05,717.05,0.973,0.1,0.473,48.34,2.38,-47.729,-22.703,-64.556,-80.903
951.43,668.6,0.973,0.1,0.473,48.34,2.38,-47.729,-22.703,-64.556,-80.903
834.24,654.7,0.973,0.1,0.473,48.34,2.38,-47.729,-22.703,-64.556,-80.903
821.47,680.99,0.973,0.1,0.473,48.34,2.38,-47.729,-22.703,-64.556,-80.903
894.71,690.38,0.973,0.1,0.473,48.34,2.38,-47.729,-22.703,-64.556,-80.903
980.72,696.02,0.973,0.1,0.473,48.34,2.38,-47.729,-22.703,-64.556,-80.903
984.1,688.51,0.965,-0.056,0.437,48.34,2.38,-47.729,-22.703,-64.556,-80.903
1026.55,688.88,0.965,-0.056,0.437,48.34,2.38,-47.729,-22.703,-64.556,-80.903
1009.27,685.13,0.965,-0.056,0.437,65.002,0.793,-45.471,-22.703,-64.556,-80.903
911.61,676.49,0.965,-0.056,0.437,65.002,0.793,-45.471,-22.703,-64.556,-80.903
936.78,661.46,0.965,-0.056,0.437,65.002,0.793,-45.471,-22.703,-64.556,-80.903
1044.95,670.1,0.965,-0.056,0.437,65.002,0.793,-45.471,-22.703,-64.556,-80.903
986.36,703.53,0.965,-0.056,0.437,65.002,0.793,-45.471,-22.703,-64.556,-80.903
1033.68,700.9,0.965,-0.056,0.437,65.002,0.793,-45.471,-4.51,-65.55,-92.675
1035.19,673.11,0.965,-0.056,0.437,65.002,0.793,-45.471,-4.51,-65.55,-92.675
995.37,672.36,0.965,-0.056,0.437,65.002,0.793,-45.471,-4.51,-65.55,-92.675
750.11,696.02,0.965,-0.056,0.437,65.002,0.793,-45.471,-4.51,-65.55,-92.675
825.23,707.29,0.965,-0.056,0.437,65.002,0.793,-45.471,-4.51,-65.55,-92.675
720.06,695.27,0.965,-0.056,0.437,65.002,0.793,-45.471,-4.51,-65.55,-92.675
764.0,673.48,0.965,-0.056,0.437,65.002,0.793,-45.471,-4.51,-65.55,-92.675
864.29,654.7,0.965,-0.056,0.437,65.002,0.793,-45.471,-4.51,-65.55,-92.675
978.47,671.23,0.965,-0.056,0.437,65.002,0.793,-45.471,-4.51,-65.55,-92.675
933.02,682.5,0.965,-0.056,0.437,65.002,0.793,-45.471,-4.51,-65.55,-92.675
912.74,674.98,0.965,-0.056,0.437,65.002,0.793,-45.471,-4.51,-65.55,-92.675
863.54,673.86,0.965,-0.056,0.437,65.002,0.793,-45.471,-4.51,-65.55,-92.675
815.84,684.75,0.965,-0.056,0.437,65.002,0.793,-45.471,-4.51,-65.55,-92.675
819.22,686.63,0.965,-0.056,0.437,65.002,0.793,-45.471,-4.51,-65.55,-92.675
826.73,629.91,0.965,-0.056,0.437,65.002,0.793,-45.471,-4.51,-65.55,-92.675
961.19,671.6,0.965,-0.056,0.437,65.002,0.793,-45.471,-4.51,-65.55,-92.675
891.33,711.04,0.965,-0.056,0.437,65.002,0.793,-45.471,-4.51,-65.55,-92.675
782.41,708.41,1.055,-0.08,0.415,65.002,0.793,-45.471,-4.51,-65.55,-92.675
827.48,710.29,1.055,-0.08,0.415,65.002,0.793,-45.471,-4.51,-65.55,-92.675
908.61,662.97,1.055,-0.08,0.415,60.974,17.944,-22.827,-4.51,-65.55,-92.675
736.58,672.36,1.055,-0.08,0.415,60.974,17.944,-22.827,-4.51,-65.55,-92.675
928.52,694.52,1.055,-0.08,0.415,60.974,17.944,-22.827,-4.51,-65.55,-92.675
905.6,696.02,1.055,-0.08,0.415,60.974,17.944,-22.827,-4.51,-65.55,-92.675
821.84,684.75,1.055,-0.08,0.415,60.974,17.944,-22.827,-4.51,-65.55,-92.675
884.19,684.38,1.055,-0.08,0.415,60.974,17.944,-22.827,8.822,-64.666,-100.607
870.67,683.62,1.055,-0.08,0.415,60.974,17.944,-22.827,8.822,-64.666,-100.607
970.58,677.99,1.055,-0.08,0.415,60.974,17.944,-22.827,8.822,-64.666,-100.607
913.49,688.51,1.055,-0.08,0.415,60.974,17.944,-22.827,8.822,-64.666,-100.607
871.42,680.62,1.055,-0.08,0.415,60.974,17.944,-22.827,8.822,-64.666,-100.607
862.41,679.49,1.055,-0.08,0.415,60.974,17.944,-22.827,8.822,-64.666,-100.607
919.13,677.61,1.055,-0.08,0.415,60.974,17.944,-22.827,8.822,-64.666,-100.607
828.98,694.52,1.055,-0.08,0.415,60.974,17.944,-22.827,8.822,-64.666,-100.607
822.97,665.97,1.055,-0.08,0.415,60.974,17.944,-22.827,8.822,-64.666,-100.607
818.46,673.86,1.055,-0.08,0.415,60.974,17.944,-22.827,8.822,-64.666,-100.607
834.24,677.99,1.055,-0.08,0.415,60.974,17.944,-22.827,8.822,-64.666,-100.607
883.44,685.5,1.055,-0.08,0.415,60.974,17.944,-22.827,8.822,-64.666,-100.607
944.67,693.77,1.055,-0.08,0.415,60.974,17.944,-22.827,8.822,-64.666,-100.607
816.59,700.53,1.055,-0.08,0.415,60.974,17.944,-22.827,8.822,-64.666,-100.607
855.27,690.01,1.055,-0.08,0.415,60.974,17.944,-22.827,8.822,-64.666,-100.607
884.57,689.63,1.055,-0.08,0.415,60.974,17.944,-22.827,8.822,-64.666,-100.607
928.52,680.24,1.055,-0.08,0.415,60.974,17.944,-22.827,8.822,-64.666,-100.607
827.48,675.74,1.015,-0.047,0.423,60.974,17.944,-22.827,8.822,-64.666,-100.607
902.6,648.69,1.015,-0.047,0.423,60.974,17.944,-22.827,8.822,-64.666,-100.607
856.4,676.11,1.015,-0.047,0.423,42.725,-11.719,-23.132,8.822,-64.666,-100.607
936.4,692.26,1.015,-0.047,0.423,42.725,-11.719,-23.132,8.822,-64.666,-100.607
888.7,678.37,1.015,-0.047,0.423,42.725,-11.719,-23.132,8.822,-64.666,-100.607
816.59,688.13,1.015,-0.047,0.423,42.725,-11.719,-23.132,8.822,-64.666,-100.607
867.29,691.14,1.015,-0.047,0.423,42.725,-11.719,-23.132,8.822,-64.666,-100.607
883.82,700.15,1.015,-0.047,0.423,42.725,-11.719,-23.132,8.822,-64.666,-100.607
908.98,689.63,1.015,-0.047,0.423,42.725,-11.719,-23.132,17.891,-64.979,-106.188
888.33,682.5,1.015,-0.047,0.423,42.725,-11.719,-23.132,17.891,-64.979,-106.188
960.44,676.49,1.015,-0.047,0.423,42.725,-11.719,-23.132,17.891,-64.979,-106.188
943.54,684.0,1.015,-0.047,0.423,42.725,-11.719,-23.132,17.891,-64.979,-106.188
953.68,692.26,1.015,-0.047,0.423,42.725,-11.719,-23.132,17.891,-64.979,-106.188
980.72,680.62,1.015,-0.047,0.423,42.725,-11.719,-23.132,17.891,-64.979,-106.188
972.09,648.32,1.015,-0.047,0.423,42.725,-11.719,-23.132,17.891,-64.979,-106.188
1026.55,662.97,1.015,-0.047,0.423,42.725,-11.719,-23.132,17.891,-64.979,-106.188
1019.04,692.26,1.015,-0.047,0.423,42.725,-11.719,-23.132,17.891,-64.979,-106.188
1008.89,696.77,1.015,-0.047,0.423,42.725,-11.719,-23.132,17.891,-64.979,-106.188
1010.4,690.76,1.015,-0.047,0.423,42.725,-11.719,-23.132,17.891,-64.979,-106.188
988.61,676.49,1.015,-0.047,0.423,42.725,-11.719,-23.132,17.891,-64.979,-106.188
864.29,687.0,1.015,-0.047,0.423,42.725,-11.719,-23.132,17.891,-64.979,-106.188
1004.76,665.97,1.015,-0.047,0.423,42.725,-11.719,-23.132,17.891,-64.979,-106.188
970.58,673.48,1.015,-0.047,0.423,42.725,-11.719,-23.132,17.891,-64.979,-106.188
999.13,684.38,1.015,-0.047,0.423,42.725,-11.719,-23.132,17.891,-64.979,-106.188
905.98,689.63,1.015,-0.047,0.423,42.725,-11.719,-23.132,17.891,-64.979,-106.188
816.59,687.0,0.9,-0.044,0.398,42.725,-11.719,-23.132,17.891,-64.979,-106.188
816.96,685.5,0.9,-0.044,0.398,42.725,-11.719,-23.132,17.891,-64.979,-106.188
889.45,674.23,0.9,-0.044,0.398,20.02,-6.409,-17.456,17.891,-64.979,-106.188
933.02,671.6,0.9,-0.044,0.398,20.02,-6.409,-17.456,17.891,-64.979,-106.188
978.85,678.37,0.9,-0.044,0.398,20.02,-6.409,-17.456,17.891,-64.979,-106.188
926.64,673.11,0.9,-0.044,0.398,20.02,-6.409,-17.456,17.891,-64.979,-106.188
889.83,666.35,0.9,-0.044,0.398,20.02,-6.409,-17.456,17.891,-64.979,-106.188
900.72,677.61,0.9,-0.044,0.398,20.02,-6.409,-17.456,17.891,-64.979,-106.188
917.62,702.03,0.9,-0.044,0.398,20.02,-6.409,-17.456,24.56,-65.204,-111.885
921.38,700.53,0.9,-0.044,0.398,20.02,-6.409,-17.456,24.56,-65.204,-111.885
881.19,665.97,0.9,-0.044,0.398,20.02,-6.409,-17.456,24.56,-65.204,-111.885
867.29,668.98,0.9,-0.044,0.398,20.02,-6.409,-17.456,24.56,-65.204,-111.885
985.98,688.13,0.9,-0.044,0.398,20.02,-6.409,-17.456,24.56,-65.204,-111.885
985.23,702.78,0.9,-0.044,0.398,20.02,-6.409,-17.456,24.56,-65.204,-111.885
833.86,693.77,0.9,-0.044,0.398,20.02,-6.409,-17.456,24.56,-65.204,-111.885
842.88,676.86,0.9,-0.044,0.398,20.02,-6.409,-17.456,24.56,-65.204,-111.885
868.42,665.97,0.9,-0.044,0.398,20.02,-6.409,-17.456,24.56,-65.204,-111.885
988.24,675.74,0.9,-0.044,0.398,20.02,-6.409,-17.456,24.56,-65.204,-111.885
851.52,684.38,0.9,-0.044,0.398,20.02,-6.409,-17.456,24.56,-65.204,-111.885
1066.74,677.99,0.9,-0.044,0.398,20.02,-6.409,-17.456,24.56,-65.204,-111.885
1064.11,677.99,0.9,-0.044,0.398,20.02,-6.409,-17.456,24.56,-65.204,-111.885
1107.3,680.62,0.9,-0.044,0.398,20.02,-6.409,-17.456,24.56,-65.204,-111.885
1050.21,691.14,0.9,-0.044,0.398,20.02,-6.409,-17.456,24.56,-65.204,-111.885
979.22,690.76,0.9,-0.044,0.398,20.02,-6.409,-17.456,24.56,-65.204,-111.885
1033.31,679.12,0.9,-0.044,0.398,20.02,-6.409,-17.456,24.56,-65.204,-111.885
844.38,677.24,0.9,-0.044,0.398,20.02,-6.409,-17.456,24.56,-65.204,-111.885
950.68,682.5,0.866,0.048,0.349,20.02,-6.409,-17.456,24.56,-65.204,-111.885
924.76,690.76,0.866,0.048,0.349,2.258,-1.831,-0.61,24.56,-65.204,-111.885
946.17,684.38,0.866,0.048,0.349,2.258,-1.831,-0.61,24.56,-65.204,-111.885
985.23,662.21,0.866,0.048,0.349,2.258,-1.831,-0.61,24.56,-65.204,-111.885
954.06,682.12,0.866,0.048,0.349,2.258,-1.831,-0.61,24.56,-65.204,-111.885
904.85,700.15,0.866,0.048,0.349,2.258,-1.831,-0.61,24.56,-65.204,-111.885
943.16,691.14,0.866,0.048,0.349,2.258,-1.831,-0.61,26.109,-65.303,-114.456
1100.54,693.77,0.866,0.048,0.349,2.258,-1.831,-0.61,26.109,-65.303,-114.456
1116.32,673.11,0.866,0.048,0.349,2.258,-1.831,-0.61,26.109,-65.303,-114.456
999.5,674.61,0.866,0.048,0.349,2.258,-1.831,-0.61,26.109,-65.303,-114.456
939.41,671.98,0.866,0.048,0.349,2.258,-1.831,-0.61,26.109,-65.303,-114.456
1089.65,683.62,0.866,0.048,0.349,2.258,-1.831,-0.61,26.109,-65.303,-114.456
1032.93,687.0,0.866,0.048,0.349,2.258,-1.831,-0.61,26.109,-65.303,-114.456
1177.16,702.4,0.866,0.048,0.349,2.258,-1.831,-0.61,26.109,-65.303,-114.456
1380.74,665.59,0.866,0.048,0.349,2.258,-1.831,-0.61,26.109,-65.303,-114.456
1329.66,677.24,0.866,0.048,0.349,2.258,-1.831,-0.61,26.109,-65.303,-114.456
1157.26,680.24,0.866,0.048,0.349,2.258,-1.831,-0.61,26.109,-65.303,-114.456
1212.47,687.0,0.866,0.048,0.349,2.258,-1.831,-0.61,26.109,-65.303,-114.456
1248.9,681.75,0.866,0.048,0.349,2.258,-1.831,-0.61,26.109,-65.303,-114.456
1113.69,682.5,0.866,0.048,0.349,2.258,-1.831,-0.61,26.109,-65.303,-114.456
1141.86,671.98,0.866,0.048,0.349,2.258,-1.831,-0.61,26.109,-65.303,-114.456
1218.48,678.74,0.866,0.048,0.349,2.258,-1.831,-0.61,26.109,-65.303,-114.456
1225.24,677.99,0.866,0.048,0.349,2.258,-1.831,-0.61,26.109,-65.303,-114.456
1176.79,675.74,0.946,0.145,0.365,2.258,-1.831,-0.61,26.109,-65.303,-114.456
1128.71,660.34,0.946,0.145,0.365,2.258,-1.831,-0.61,26.109,-65.303,-114.456
1184.68,679.12,0.946,0.145,0.365,2.258,-1.831,-0.61,26.109,-65.303,-114.456
1093.4,702.78,0.946,0.145,0.365,-7.507,16.602,7.141,26.109,-65.303,-114.456
1076.88,686.25,0.946,0.145,0.365,-7.507,16.602,7.141,26.109,-65.303,-114.456
1129.09,671.6,0.946,0.145,0.365,-7.507,16.602,7.141,26.109,-65.303,-114.456
1141.48,660.34,0.946,0.145,0.365,-7.507,16.602,7.141,26.109,-65.303,-114.456
1153.12,694.89,0.946,0.145,0.365,-7.507,16.602,7.141,26.109,-65.303,-114.456
1203.08,698.65,0.946,0.145,0.365,-7.507,16.602,7.141,22.934,-64.742,-112.632
1206.08,683.62,0.946,0.145,0.365,-7.507,16.602,7.141,22.934,-64.742,-112.632
1163.27,683.25,0.946,0.145,0.365,-7.507,16.602,7.141,22.934,-64.742,-112.632
1022.04,667.85,0.946,0.145,0.365,-7.507,16.602,7.141,22.934,-64.742,-112.632
1052.09,673.11,0.946,0.145,0.365,-7.507,16.602,7.141,22.934,-64.742,-112.632
1099.79,689.26,0.946,0.145,0.365,-7.507,16.602,7.141,22.934,-64.742,-112.632
1150.12,675.74,0.946,0.145,0.365,-7.507,16.602,7.141,22.934,-64.742,-112.632
1187.3,680.24,0.946,0.145,0.365,-7.507,16.602,7.141,22.934,-64.742,-112.632
1105.05,678.37,0.946,0.145,0.365,-7.507,16.602,7.141,22.934,-64.742,-112.632
1081.01,668.22,0.946,0.145,0.365,-7.507,16.602,7.141,22.934,-64.742,-112.632
974.71,671.98,0.946,0.145,0.365,-7.507,16.602,7.141,22.934,-64.742,-112.632
1124.2,689.63,0.946,0.145,0.365,-7.507,16.602,7.141,22.934,-64.742,-112.632
914.62,684.38,0.946,0.145,0.365,-7.507,16.602,7.141,22.934,-64.742,-112.632
1019.04,684.0,0.946,0.145,0.365,-7.507,16.602,7.141,22.934,-64.742,-112.632
924.01,661.46,0.946,0.145,0.365,-7.507,16.602,7.141,22.934,-64.742,-112.632
927.39,677.24,0.947,0.203,0.406,-7.507,16.602,7.141,22.934,-64.742,-112.632
1034.81,684.75,0.947,0.203,0.406,-8.24,-4.883,0.122,22.934,-64.742,-112.632
1044.95,684.0,0.947,0.203,0.406,-8.24,-4.883,0.122,22.934,-64.742,-112.632
1142.61,686.63,0.947,0.203,0.406,-8.24,-4.883,0.122,22.934,-64.742,-112.632
1123.08,664.09,0.947,0.203,0.406,-8.24,-4.883,0.122,22.934,-64.742,-112.632
1032.18,670.48,0.947,0.203,0.406,-8.24,-4.883,0.122,22.934,-64.742,-112.632
984.48,687.0,0.947,0.203,0.406,-8.24,-4.883,0.122,20.5,-64.21,-111.242
852.64,689.63,0.947,0.203,0.406,-8.24,-4.883,0.122,20.5,-64.21,-111.242
969.46,689.26,0.947,0.203,0.406,-8.24,-4.883,0.122,20.5,-64.21,-111.242
1008.89,674.23,0.947,0.203,0.406,-8.24,-4.883,0.122,20.5,-64.21,-111.242
896.97,666.72,0.947,0.203,0.406,-8.24,-4.883,0.122,20.5,-64.21,-111.242
894.71,677.99,0.947,0.203,0.406,-8.24,-4.883,0.122,20.5,-64.21,-111.242
957.06,671.6,0.947,0.203,0.406,-8.24,-4.883,0.122,20.5,-64.21,-111.242
951.05,655.45,0.947,0.203,0.406,-8.24,-4.883,0.122,20.5,-64.21,-111.242
977.72,689.63,0.947,0.203,0.406,-8.24,-4.883,0.122,20.5,-64.21,-111.242
761.37,696.39,0.947,0.203,0.406,-8.24,-4.883,0.122,20.5,-64.21,-111.242
857.15,696.39,0.947,0.203,0.406,-8.24,-4.883,0.122,20.5,-64.21,-111.242
909.36,667.47,0.947,0.203,0.406,-8.24,-4.883,0.122,20.5,-64.21,-111.242
871.05,661.09,0.947,0.203,0.406,-8.24,-4.883,0.122,20.5,-64.21,-111.242
1074.25,672.36,0.947,0.203,0.406,-8.24,-4.883,0.122,20.5,-64.21,-111.242
1032.93,699.77,0.947,0.203,0.406,-8.24,-4.883,0.122,20.5,-64.21,-111.242
996.88,683.62,0.947,0.203,0.406,-8.24,-4.883,0.122,20.5,-64.21,-111.242
982.98,677.24,0.947,0.203,0.406,-8.24,-4.883,0.122,20.5,-64.21,-111.242
965.7,683.62,0.947,0.203,0.406,-8.24,-4.883,0.122,20.5,-64.21,-111.242
971.71,696.39,0.931,0.184,0.403,-8.24,-4.883,0.122,20.5,-64.21,-111.242
969.46,672.73,0.931,0.184,0.403,0.061,1.526,-1.343,20.5,-64.21,-111.242
924.76,679.49,0.931,0.184,0.403,0.061,1.526,-1.343,20.5,-64.21,-111.242
984.86,654.33,0.931,0.184,0.403,0.061,1.526,-1.343,20.5,-64.21,-111.242
790.67,658.46,0.931,0.184,0.403,0.061,1.526,-1.343,20.5,-64.21,-111.242
807.2,683.25,0.931,0.184,0.403,0.061,1.526,-1.343,20.5,-64.21,-111.242
985.61,696.02,0.931,0.184,0.403,0.061,1.526,-1.343,20.5,-64.21,-111.242
1087.77,689.26,0.931,0.184,0.403,0.061,1.526,-1.343,20.413,-64.094,-111.352
1083.26,683.25,0.931,0.184,0.403,0.061,1.526,-1.343,20.413,-64.094,-111.352
1007.39,674.98,0.931,0.184,0.403,0.061,1.526,-1.343,20.413,-64.094,-111.352
955.93,678.74,0.931,0.184,0.403,0.061,1.526,-1.343,20.413,-64.094,-111.352
964.95,692.64,0.931,0.184,0.403,0.061,1.526,-1.343,20.413,-64.094,-111.352
879.31,679.12,0.931,0.184,0.403,0.061,1.526,-1.343,20.413,-64.094,-111.352
950.68,672.73,0.931,0.184,0.403,0.061,1.526,-1.343,20.413,-64.094,-111.352
956.69,671.98,0.931,0.184,0.403,0.061,1.526,-1.343,20.413,-64.094,-111.352
948.8,677.61,0.931,0.184,0.403,0.061,1.526,-1.343,20.413,-64.094,-111.352
1084.39,671.23,0.931,0.184,0.403,0.061,1.526,-1.343,20.413,-64.094,-111.352
1052.46,666.35,0.931,0.184,0.403,0.061,1.526,-1.343,20.413,-64.094,-111.352
834.24,672.36,0.931,0.184,0.403,0.061,1.526,-1.343,20.413,-64.094,-111.352
906.36,672.36,0.931,0.184,0.403,0.061,1.526,-1.343,20.413,-64.094,-111.352
892.08,670.48,0.931,0.184,0.403,0.061,1.526,-1.343,20.413,-64.094,-111.352
900.35,678.74,0.931,0.184,0.403,0.061,1.526,-1.343,20.413,-64.094,-111.352
793.67,686.63,0.931,0.184,0.403,0.061,1.526,-1.343,20.413,-64.094,-111.352
1026.55,681.75,0.931,0.184,0.403,0.061,1.526,-1.343,20.413,-64.094,-111.352
985.23,677.99,0.928,0.157,0.391,2.747,3.662,0.61,20.671,-64.089,-111.248
979.22,664.47,0.928,0.157,0.391,2.747,3.662,0.61,20.671,-64.089,-111.248
964.57,670.85,0.928,0.157,0.391,2.747,3.662,0.61,20.671,-64.089,-111.248
945.04,687.0,0.928,0.157,0.391,2.747,3.662,0.61,20.671,-64.089,-111.248
988.99,662.21,0.928,0.157,0.391,2.747,3.662,0.61,20.671,-64.089,-111.248
1006.27,683.62,0.928,0.157,0.391,2.747,3.662,0.61,20.671,-64.089,-111.248
988.99,672.36,0.928,0.157,0.391,2.747,3.662,0.61,20.671,-64.089,-111.248
892.46,690.01,0.928,0.157,0.391,2.747,3.662,0.61,20.671,-64.089,-111.248
861.28,675.74,0.928,0.157,0.391,2.747,3.662,0.61,20.671,-64.089,-111.248
922.88,696.39,0.928,0.157,0.391,2.747,3.662,0.61,20.671,-64.089,-111.248
946.54,668.22,0.928,0.157,0.391,2.747,3.662,0.61,20.671,-64.089,-111.248
940.16,655.45,0.928,0.157,0.391,2.747,3.662,0.61,20.671,-64.089,-111.248
886.82,664.47,0.928,0.157,0.391,2.747,3.662,0.61,20.671,-64.089,-111.248
795.18,690.01,0.928,0.157,0.391,2.747,3.662,0.61,20.671,-64.089,-111.248
943.16,682.5,0.928,0.157,0.391,2.747,3.662,0.61,20.671,-64.089,-111.248
934.15,684.38,0.92,0.165,0.395,2.747,3.662,0.61,20.671,-64.089,-111.248
886.82,682.5,0.92,0.165,0.395,2.747,3.662,0.61,20.671,-64.089,-111.248
1006.64,672.36,0.92,0.165,0.395,2.747,3.662,0.61,20.671,-64.089,-111.248
997.25,687.76,0.92,0.165,0.395,0.427,4.883,-0.549,20.671,-64.089,-111.248
969.46,693.01,0.92,0.165,0.395,0.427,4.883,-0.549,20.671,-64.089,-111.248
991.24,684.38,0.92,0.165,0.395,0.427,4.883,-0.549,20.671,-64.089,-111.248
901.85,678.37,0.92,0.165,0.395,0.427,4.883,-0.549,20.671,-64.089,-111.248
972.84,664.47,0.92,0.165,0.395,0.427,4.883,-0.549,20.671,-64.089,-111.248
1011.52,672.36,0.92,0.165,0.395,0.427,4.883,-0.549,20.808,-64.05,-111.143
952.55,674.61,0.92,0.165,0.395,0.427,4.883,-0.549,20.808,-64.05,-111.143
1015.66,680.62,0.92,0.165,0.395,0.427,4.883,-0.549,20.808,-64.05,-111.143
913.12,673.11,0.92,0.165,0.395,0.427,4.883,-0.549,20.808,-64.05,-111.143
903.35,686.25,0.92,0.165,0.395,0.427,4.883,-0.549,20.808,-64.05,-111.143
991.62,685.88,0.92,0.165,0.395,0.427,4.883,-0.549,20.808,-64.05,-111.143
930.39,673.48,0.92,0.165,0.395,0.427,4.883,-0.549,20.808,-64.05,-111.143
1026.55,669.73,0.92,0.165,0.395,0.427,4.883,-0.549,20.808,-64.05,-111.143
1035.19,679.12,0.92,0.165,0.395,0.427,4.883,-0.549,20.808,-64.05,-111.143
1061.85,693.01,0.92,0.165,0.395,0.427,4.883,-0.549,20.808,-64.05,-111.143
1050.96,672.73,0.92,0.165,0.395,0.427,4.883,-0.549,20.808,-64.05,-111.143
1022.79,677.99,0.92,0.165,0.395,0.427,4.883,-0.549,20.808,-64.05,-111.143
1013.03,682.5,0.92,0.165,0.395,0.427,4.883,-0.549,20.808,-64.05,-111.143
1026.55,694.89,0.92,0.165,0.395,0.427,4.883,-0.549,20.808,-64.05,-111.143
904.85,690.76,0.92,0.165,0.395,0.427,4.883,-0.549,20.808,-64.05,-111.143
973.59,691.14,0.92,0.165,0.395,0.427,4.883,-0.549,20.808,-64.05,-111.143
851.52,680.62,0.92,0.165,0.395,0.427,4.883,-0.549,20.808,-64.05,-111.143
919.13,668.6,0.913,0.151,0.391,0.427,4.883,-0.549,20.808,-64.05,-111.143
827.48,671.23,0.913,0.151,0.391,0.427,4.883,-0.549,20.808,-64.05,-111.143
936.4,679.12,0.913,0.151,0.391,-0.732,0.122,-0.427,20.808,-64.05,-111.143
998.0,681.37,0.913,0.151,0.391,-0.732,0.122,-0.427,20.808,-64.05,-111.143
957.44,667.1,0.913,0.151,0.391,-0.732,0.122,-0.427,20.808,-64.05,-111.143
984.86,673.11,0.913,0.151,0.391,-0.732,0.122,-0.427,20.808,-64.05,-111.143
908.98,690.01,0.913,0.151,0.391,-0.732,0.122,-0.427,20.808,-64.05,-111.143
935.65,695.64,0.913,0.151,0.391,-0.732,0.122,-0.427,20.951,-63.902,-111.231
1032.93,688.13,0.913,0.151,0.391,-0.732,0.122,-0.427,20.951,-63.902,-111.231
949.55,667.47,0.913,0.151,0.391,-0.732,0.122,-0.427,20.951,-63.902,-111.231
971.71,676.49,0.913,0.151,0.391,-0.732,0.122,-0.427,20.951,-63.902,-111.231
1009.65,692.26,0.913,0.151,0.391,-0.732,0.122,-0.427,20.951,-63.902,-111.231
937.91,685.5,0.913,0.151,0.391,-0.732,0.122,-0.427,20.951,-63.902,-111.231
941.66,674.98,0.913,0.151,0.391,-0.732,0.122,-0.427,20.951,-63.902,-111.231
952.18,686.25,0.913,0.151,0.391,-0.732,0.122,-0.427,20.951,-63.902,-111.231
876.68,678.37,0.913,0.151,0.391,-0.732,0.122,-0.427,20.951,-63.902,-111.231
936.78,668.98,0.913,0.151,0.391,-0.732,0.122,-0.427,20.951,-63.902,-111.231
917.62,670.85,0.913,0.151,0.391,-0.732,0.122,-0.427,20.951,-63.902,-111.231
1002.51,665.22,0.913,0.151,0.391,-0.732,0.122,-0.427,20.951,-63.902,-111.231
883.82,679.49,0.913,0.151,0.391,-0.732,0.122,-0.427,20.951,-63.902,-111.231
1023.17,691.51,0.913,0.151,0.391,-0.732,0.122,-0.427,20.951,-63.902,-111.231
1025.8,684.0,0.913,0.151,0.391,-0.732,0.122,-0.427,20.951,-63.902,-111.231
1022.79,673.48,0.913,0.151,0.391,-0.732,0.122,-0.427,20.951,-63.902,-111.231
987.11,683.25,0.913,0.151,0.391,-0.732,0.122,-0.427,20.951,-63.902,-111.231
1038.19,686.63,0.928,0.135,0.396,-0.732,0.122,-0.427,20.951,-63.902,-111.231
1054.72,690.38,0.928,0.135,0.396,-0.732,0.122,-0.427,20.951,-63.902,-111.231
914.99,644.94,0.928,0.135,0.396,-0.732,0.122,-0.427,20.951,-63.902,-111.231
989.36,659.96,0.928,0.135,0.396,-4.15,1.77,0.183,20.951,-63.902,-111.231
978.85,687.76,0.928,0.135,0.396,-4.15,1.77,0.183,20.951,-63.902,-111.231
983.35,697.52,0.928,0.135,0.396,-4.15,1.77,0.183,20.951,-63.902,-111.231
803.44,702.4,0.928,0.135,0.396,-4.15,1.77,0.183,20.951,-63.902,-111.231
906.36,684.38,0.928,0.135,0.396,-4.15,1.77,0.183,20.951,-63.902,-111.231
869.55,679.49,0.928,0.135,0.396,-4.15,1.77,0.183,20.484,-63.688,-110.94
935.65,666.72,0.928,0.135,0.396,-4.15,1.77,0.183,20.484,-63.688,-110.94
1016.78,674.23,0.928,0.135,0.396,-4.15,1.77,0.183,20.484,-63.688,-110.94
1002.88,683.62,0.928,0.135,0.396,-4.15,1.77,0.183,20.484,-63.688,-110.94
932.27,677.24,0.928,0.135,0.396,-4.15,1.77,0.183,20.484,-63.688,-110.94
1005.14,647.57,0.928,0.135,0.396,-4.15,1.77,0.183,20.484,-63.688,-110.94
990.49,673.11,0.928,0.135,0.396,-4.15,1.77,0.183,20.484,-63.688,-110.94
1117.07,694.14,0.928,0.135,0.396,-4.15,1.77,0.183,20.484,-63.688,-110.94
1061.85,686.25,0.928,0.135,0.396,-4.15,1.77,0.183,20.484,-63.688,-110.94
1008.52,679.49,0.928,0.135,0.396,-4.15,1.77,0.183,20.484,-63.688,-110.94
1016.78,670.48,0.928,0.135,0.396,-4.15,1.77,0.183,20.484,-63.688,-110.94
1008.89,640.05,0.928,0.135,0.396,-4.15,1.77,0.183,20.484,-63.688,-110.94
1002.13,675.74,0.928,0.135,0.396,-4.15,1.77,0.183,20.484,-63.688,-110.94
975.47,677.61,0.929,0.161,0.415,-3.052,7.812,1.038,20.484,-63.688,-110.94
853.02,671.98,0.929,0.161,0.415,-3.052,7.812,1.038,19.589,-63.358,-110.38
991.24,684.38,0.929,0.161,0.415,-3.052,7.812,1.038,19.589,-63.358,-110.38
934.53,662.97,0.929,0.161,0.415,-3.052,7.812,1.038,19.589,-63.358,-110.38
845.88,685.5,0.929,0.161,0.415,-3.052,7.812,1.038,19.589,-63.358,-110.38
945.42,690.76,0.929,0.161,0.415,-3.052,7.812,1.038,19.589,-63.358,-110.38
996.88,674.98,0.929,0.161,0.415,-3.052,7.812,1.038,19.589,-63.358,-110.38
993.49,668.6,0.929,0.161,0.415,-3.052,7.812,1.038,19.589,-63.358,-110.38
961.19,652.45,0.929,0.161,0.415,-3.052,7.812,1.038,19.589,-63.358,-110.38
822.6,672.36,0.929,0.161,0.415,-3.052,7.812,1.038,19.589,-63.358,-110.38
803.06,705.03,0.929,0.161,0.415,-3.052,7.812,1.038,19.589,-63.358,-110.38
988.99,691.14,0.929,0.161,0.415,-3.052,7.812,1.038,19.589,-63.358,-110.38
885.32,691.51,0.929,0.161,0.415,-3.052,7.812,1.038,19.589,-63.358,-110.38
867.29,675.36,0.929,0.161,0.415,-3.052,7.812,1.038,19.589,-63.358,-110.38
934.15,671.23,0.929,0.161,0.415,-3.052,7.812,1.038,19.589,-63.358,-110.38
1016.78,686.25,0.929,0.161,0.415,-3.052,7.812,1.038,19.589,-63.358,-110.38
960.07,687.0,0.929,0.161,0.415,-3.052,7.812,1.038,19.589,-63.358,-110.38
984.1,688.88,0.927,0.171,0.422,-3.052,7.812,1.038,19.589,-63.358,-110.38
949.92,664.09,0.927,0.171,0.422,-3.052,7.812,1.038,19.589,-63.358,-110.38
1017.53,662.97,0.927,0.171,0.422,-0.122,2.014,-1.404,19.589,-63.358,-110.38
1042.32,668.98,0.927,0.171,0.422,-0.122,2.014,-1.404,19.589,-63.358,-110.38
1056.6,686.25,0.927,0.171,0.422,-0.122,2.014,-1.404,19.589,-63.358,-110.38
1069.37,676.86,0.927,0.171,0.422,-0.122,2.014,-1.404,19.589,-63.358,-110.38
1026.55,672.36,0.927,0.171,0.422,-0.122,2.014,-1.404,19.589,-63.358,-110.38
1047.58,676.11,0.927,0.171,0.422,-0.122,2.014,-1.404,19.391,-63.287,-110.281
1026.55,659.59,0.927,0.171,0.422,-0.122,2.014,-1.404,19.391,-63.287,-110.281
1036.69,660.34,0.927,0.171,0.422,-0.122,2.014,-1.404,19.391,-63.287,-110.281
785.41,684.38,0.927,0.171,0.422,-0.122,2.014,-1.404,19.391,-63.287,-110.281
1112.56,709.16,0.927,0.171,0.422,-0.122,2.014,-1.404,19.391,-63.287,-110.281
1044.95,706.91,0.927,0.171,0.422,-0.122,2.014,-1.404,19.391,-63.287,-110.281
955.93,686.25,0.927,0.171,0.422,-0.122,2.014,-1.404,19.391,-63.287,-110.281
944.67,679.12,0.927,0.171,0.422,-0.122,2.014,-1.404,19.391,-63.287,-110.281
845.88,672.36,0.927,0.171,0.422,-0.122,2.014,-1.404,19.391,-63.287,-110.281
994.62,677.24,0.927,0.171,0.422,-0.122,2.014,-1.404,19.391,-63.287,-110.281
896.21,676.11,0.927,0.171,0.422,-0.122,2.014,-1.404,19.391,-63.287,-110.281
972.09,673.48,0.927,0.171,0.422,-0.122,2.014,-1.404,19.391,-63.287,-110.281
970.21,667.47,0.927,0.171,0.422,-0.122,2.014,-1.404,19.391,-63.287,-110.281
921.38,672.36,0.927,0.171,0.422,-0.122,2.014,-1.404,19.391,-63.287,-110.281
906.73,696.77,0.927,0.171,0.422,-0.122,2.014,-1.404,19.391,-63.287,-110.281
904.48,677.24,0.927,0.171,0.422,-0.122,2.014,-1.404,19.391,-63.287,-110.281
1002.51,670.48,0.927,0.171,0.422,-0.122,2.014,-1.404,19.391,-63.287,-110.281
967.2,684.38,0.914,0.156,0.419,-0.122,2.014,-1.404,19.391,-63.287,-110.281
894.71,695.27,0.914,0.156,0.419,-0.122,2.014,-1.404,19.391,-63.287,-110.281
924.76,690.01,0.914,0.156,0.419,0.549,1.831,-0.793,19.391,-63.287,-110.281
1020.91,682.5,0.914,0.156,0.419,0.549,1.831,-0.793,19.391,-63.287,-110.281
972.84,668.6,0.914,0.156,0.419,0.549,1.831,-0.793,19.391,-63.287,-110.281
871.8,668.98,0.914,0.156,0.419,0.549,1.831,-0.793,19.391,-63.287,-110.281
1026.55,677.99,0.914,0.156,0.419,0.549,1.831,-0.793,19.391,-63.287,-110.281
853.02,696.02,0.914,0.156,0.419,0.549,1.831,-0.793,19.759,-63.232,-110.517
1019.79,684.75,0.914,0.156,0.419,0.549,1.831,-0.793,19.759,-63.232,-110.517
1148.99,680.99,0.914,0.156,0.419,0.549,1.831,-0.793,19.759,-63.232,-110.517
1095.66,678.37,0.914,0.156,0.419,0.549,1.831,-0.793,19.759,-63.232,-110.517
1080.63,682.5,0.914,0.156,0.419,0.549,1.831,-0.793,19.759,-63.232,-110.517
1079.88,679.49,0.914,0.156,0.419,0.549,1.831,-0.793,19.759,-63.232,-110.517
1026.55,670.85,0.914,0.156,0.419,0.549,1.831,-0.793,19.759,-63.232,-110.517
963.45,661.46,0.914,0.156,0.419,0.549,1.831,-0.793,19.759,-63.232,-110.517
888.7,659.59,0.914,0.156,0.419,0.549,1.831,-0.793,19.759,-63.232,-110.517
1040.07,673.86,0.914,0.156,0.419,0.549,1.831,-0.793,19.759,-63.232,-110.517
879.31,705.41,0.914,0.156,0.419,0.549,1.831,-0.793,19.759,-63.232,-110.517
834.24,698.27,0.914,0.156,0.419,0.549,1.831,-0.793,19.759,-63.232,-110.517
969.46,678.74,0.914,0.156,0.419,0.549,1.831,-0.793,19.759,-63.232,-110.517
924.38,661.09,0.914,0.156,0.419,0.549,1.831,-0.793,19.759,-63.232,-110.517
972.09,668.98,0.914,0.156,0.419,0.549,1.831,-0.793,19.759,-63.232,-110.517
905.98,680.24,0.914,0.156,0.419,0.549,1.831,-0.793,19.759,-63.232,-110.517
984.48,689.63,0.914,0.156,0.419,0.549,1.831,-0.793,19.759,-63.232,-110.517
979.22,702.78,0.91,0.15,0.421,0.549,1.831,-0.793,19.759,-63.232,-110.517
985.23,684.0,0.91,0.15,0.421,0.549,1.831,-0.793,19.759,-63.232,-110.517
940.91,680.24,0.91,0.15,0.421,0.549,1.831,-0.793,19.759,-63.232,-110.517
1008.14,672.36,0.91,0.15,0.421,-0.122,2.014,0.549,19.759,-63.232,-110.517
890.96,668.22,0.91,0.15,0.421,-0.122,2.014,0.549,19.759,-63.232,-110.517
961.94,679.49,0.91,0.15,0.421,-0.122,2.014,0.549,19.759,-63.232,-110.517
931.14,678.74,0.91,0.15,0.421,-0.122,2.014,0.549,19.759,-63.232,-110.517
979.97,676.11,0.91,0.15,0.421,-0.122,2.014,0.549,19.759,-63.232,-110.517
889.45,678.37,0.91,0.15,0.421,-0.122,2.014,0.549,19.841,-63.182,-110.495
1031.81,680.62,0.91,0.15,0.421,-0.122,2.014,0.549,19.841,-63.182,-110.495
966.45,684.38,0.91,0.15,0.421,-0.122,2.014,0.549,19.841,-63.182,-110.495
960.82,675.74,0.91,0.15,0.421,-0.122,2.014,0.549,19.841,-63.182,-110.495
972.84,677.61,0.91,0.15,0.421,-0.122,2.014,0.549,19.841,-63.182,-110.495
988.99,677.99,0.91,0.15,0.421,-0.122,2.014,0.549,19.841,-63.182,-110.495
1036.69,656.2,0.91,0.15,0.421,-0.122,2.014,0.549,19.841,-63.182,-110.495
1044.95,679.12,0.91,0.15,0.421,-0.122,2.014,0.549,19.841,-63.182,-110.495
1113.69,680.99,0.91,0.15,0.421,-0.122,2.014,0.549,19.841,-63.182,-110.495
1015.28,694.52,0.91,0.15,0.421,-0.122,2.014,0.549,19.841,-63.182,-110.495
1021.29,682.5,0.91,0.15,0.421,-0.122,2.014,0.549,19.841,-63.182,-110.495
987.48,668.22,0.91,0.15,0.421,-0.122,2.014,0.549,19.841,-63.182,-110.495
1002.51,674.61,0.91,0.15,0.421,-0.122,2.014,0.549,19.841,-63.182,-110.495
1031.81,682.87,0.91,0.15,0.421,-0.122,2.014,0.549,19.841,-63.182,-110.495
869.92,687.0,0.91,0.15,0.421,-0.122,2.014,0.549,19.841,-63.182,-110.495
1015.28,685.13,0.91,0.15,0.421,-0.122,2.014,0.549,19.841,-63.182,-110.495
892.83,680.99,0.91,0.15,0.421,-0.122,2.014,0.549,19.841,-63.182,-110.495
1058.1,678.74,0.923,0.156,0.415,-0.122,2.014,0.549,19.841,-63.182,-110.495
999.5,670.48,0.923,0.156,0.415,-0.122,2.014,0.549,19.841,-63.182,-110.495
924.38,670.85,0.923,0.156,0.415,-0.183,-0.366,0.61,19.841,-63.182,-110.495
960.44,695.27,0.923,0.156,0.415,-0.183,-0.366,0.61,19.841,-63.182,-110.495
1112.94,676.86,0.923,0.156,0.415,-0.183,-0.366,0.61,19.841,-63.182,-110.495
1016.41,672.36,0.923,0.156,0.415,-0.183,-0.366,0.61,19.841,-63.182,-110.495
874.8,659.59,0.923,0.156,0.415,-0.183,-0.366,0.61,19.841,-63.182,-110.495
900.72,649.44,0.923,0.156,0.415,-0.183,-0.366,0.61,19.841,-63.182,-110.495
906.73,684.75,0.923,0.156,0.415,-0.183,-0.366,0.61,19.66,-63.133,-110.237
985.23,685.5,0.923,0.156,0.415,-0.183,-0.366,0.61,19.66,-63.133,-110.237
887.58,680.24,0.923,0.156,0.415,-0.183,-0.366,0.61,19.66,-63.133,-110.237
883.07,686.63,0.923,0.156,0.415,-0.183,-0.366,0.61,19.66,-63.133,-110.237
858.65,676.86,0.923,0.156,0.415,-0.183,-0.366,0.61,19.66,-63.133,-110.237
951.43,694.52,0.923,0.156,0.415,-0.183,-0.366,0.61,19.66,-63.133,-110.237
1001.01,686.25,0.923,0.156,0.415,-0.183,-0.366,0.61,19.66,-63.133,-110.237
